point_0,point_1,point_2,point_3,point_4,point_5,point_6,point_7,point_8,point_9,congestion
0,0,0,0,0,0,0,0,0,0,0
0,0,0,0,0,0,0,0,0,0,0
0,0,0,0,0,0,0,0,0,0,0
0,0,0,0,0,0,0,0,0,0,0
0,0,0,0,0,0,0,0,0,0,0
0,0,0,0,0,0,0,0,0,0,0
0,0,0,0,0,0,0,0,0,0.001,0
0,0,0,0,0,0,0,0,0.001,-0.001,0
0,0,0,0,0,0,0,0.001,-0.001,0,0
0,0,0,0,0,0,0.001,-0.001,0,0,0
0,0,0,0,0,0.001,-0.001,0,0,0,0
0,0,0,0,0.001,-0.001,0,0,0,0,0
0,0,0,0.001,-0.001,0,0,0,0,0,0
0,0,0.001,-0.001,0,0,0,0,0,0,0
0,0.001,-0.001,0,0,0,0,0,0,0,0
0.001,-0.001,0,0,0,0,0,0,0,0,0
0,0,0,0,0,0,0,0,0,0,0
0,0,0,0,0,0,0,0,0,0,0
0,0,0,0,0,0,0,0,0,0,0
0,0,0,0,0,0,0,0,0,0,0
0,0,0,0,0,0,0,0,0,0,0
0,0,0,0,0,0,0,0,0,0,0
0,0,0,0,0,0,0,0,0,0,0
0,0,0,0,0,0,0,0,0,0,0
0,0,0,0,0,0,0,0,0,0,0
0,0,0,0,0,0,0,0,0,0,0
0,0,0,0,0,0,0,0,0,0,0
0,0,0,0,0,0,0,0,0,0,0
0,0,0,0,0,0,0,0,0,0,0
0,0,0,0,0,0,0,0,0,0,0
0,0,0,0,0,0,0,0,0,0,0
0,0,0,0,0,0,0,0,0,0,0
0,0,0,0,0,0,0,0,0,0,0
0,0,0,0,0,0,0,0,0,0,0
0,0,0,0,0,0,0,0,0,0,0
0,0,0,0,0,0,0,0,0,0,0
0,0,0,0,0,0,0,0,0,0,0
0,0,0,0,0,0,0,0,0,0,0
0,0,0,0,0,0,0,0,0,0,0
0,0,0,0,0,0,0,0,0,0,0
0,0,0,0,0,0,0,0,0,0,0
0,0,0,0,0,0,0,0,0,0,0
0,0,0,0,0,0,0,0,0,0,0
0,0,0,0,0,0,0,0,0,0,0
0,0,0,0,0,0,0,0,0,0,0
0,0,0,0,0,0,0,0,0,0,0
0,0,0,0,0,0,0,0,0,0,0
0,0,0,0,0,0,0,0,0,0.001,0
0,0,0,0,0,0,0,0,0.001,6.519,0
0,0,0,0,0,0,0,0.001,6.519,16.244,0
0,0,0,0,0,0,0.001,6.519,16.244,13.088,0
0,0,0,0,0,0.001,6.519,16.244,13.088,10.312,0
0,0,0,0,0.001,6.519,16.244,13.088,10.312,-3.316,0
0,0,0,0.001,6.519,16.244,13.088,10.312,-3.316,-3.604,0
0,0,0.001,6.519,16.244,13.088,10.312,-3.316,-3.604,2.716,0
0,0.001,6.519,16.244,13.088,10.312,-3.316,-3.604,2.716,3.828,0
0.001,6.519,16.244,13.088,10.312,-3.316,-3.604,2.716,3.828,-39.347,0
6.52,16.244,13.088,10.312,-3.316,-3.604,2.716,3.828,-39.347,-6.441,0
22.764,13.088,10.312,-3.316,-3.604,2.716,3.828,-39.347,-6.441,0,0
35.852,10.312,-3.316,-3.604,2.716,3.828,-39.347,-6.441,0,0.006,0
46.164,-3.316,-3.604,2.716,3.828,-39.347,-6.441,0,0.006,-0.006,0
42.848,-3.604,2.716,3.828,-39.347,-6.441,0,0.006,-0.006,0,0
39.244,2.716,3.828,-39.347,-6.441,0,0.006,-0.006,0,0,0
41.96,3.828,-39.347,-6.441,0,0.006,-0.006,0,0,0,0
45.788,-39.347,-6.441,0,0.006,-0.006,0,0,0,19.769,0
6.441,-6.441,0,0.006,-0.006,0,0,0,19.769,-12.962,0
0,0,0.006,-0.006,0,0,0,19.769,-12.962,2.845,0
0,0.006,-0.006,0,0,0,19.769,-12.962,2.845,-1.335,0
0.006,-0.006,0,0,0,19.769,-12.962,2.845,-1.335,-3.46,0
0,0,0,0,19.769,-12.962,2.845,-1.335,-3.46,7.725,0
0,0,0,19.769,-12.962,2.845,-1.335,-3.46,7.725,-3.282,0
0,0,19.769,-12.962,2.845,-1.335,-3.46,7.725,-3.282,2.841,0
0,19.769,-12.962,2.845,-1.335,-3.46,7.725,-3.282,2.841,13.796,0
19.769,-12.962,2.845,-1.335,-3.46,7.725,-3.282,2.841,13.796,-9.095,0
6.807,2.845,-1.335,-3.46,7.725,-3.282,2.841,13.796,-9.095,11.28,0
9.652,-1.335,-3.46,7.725,-3.282,2.841,13.796,-9.095,11.28,-20.237,0
8.317,-3.46,7.725,-3.282,2.841,13.796,-9.095,11.28,-20.237,1.637,0
4.857,7.725,-3.282,2.841,13.796,-9.095,11.28,-20.237,1.637,-9.335,0
12.582,-3.282,2.841,13.796,-9.095,11.28,-20.237,1.637,-9.335,10.223,0
9.3,2.841,13.796,-9.095,11.28,-20.237,1.637,-9.335,10.223,10.127,0
12.141,13.796,-9.095,11.28,-20.237,1.637,-9.335,10.223,10.127,-4.862,0
25.937,-9.095,11.28,-20.237,1.637,-9.335,10.223,10.127,-4.862,-15.675,0
16.842,11.28,-20.237,1.637,-9.335,10.223,10.127,-4.862,-15.675,4.604,0
28.122,-20.237,1.637,-9.335,10.223,10.127,-4.862,-15.675,4.604,31.971,0
7.885,1.637,-9.335,10.223,10.127,-4.862,-15.675,4.604,31.971,-13.996,0
9.522,-9.335,10.223,10.127,-4.862,-15.675,4.604,31.971,-13.996,-0.212,0
0.187,10.223,10.127,-4.862,-15.675,4.604,31.971,-13.996,-0.212,7.382,0
10.41,10.127,-4.862,-15.675,4.604,31.971,-13.996,-0.212,7.382,-29.742,0
20.537,-4.862,-15.675,4.604,31.971,-13.996,-0.212,7.382,-29.742,33.776,0
15.675,-15.675,4.604,31.971,-13.996,-0.212,7.382,-29.742,33.776,1.488,0
0,4.604,31.971,-13.996,-0.212,7.382,-29.742,33.776,1.488,-10.429,0
4.604,31.971,-13.996,-0.212,7.382,-29.742,33.776,1.488,-10.429,-14.535,0
36.575,-13.996,-0.212,7.382,-29.742,33.776,1.488,-10.429,-14.535,-0.65,0
22.579,-0.212,7.382,-29.742,33.776,1.488,-10.429,-14.535,-0.65,-4.175,0
22.367,7.382,-29.742,33.776,1.488,-10.429,-14.535,-0.65,-4.175,-0.345,0
29.749,-29.742,33.776,1.488,-10.429,-14.535,-0.65,-4.175,-0.345,15.659,0
0.007,33.776,1.488,-10.429,-14.535,-0.65,-4.175,-0.345,15.659,-8.342,0
33.783,1.488,-10.429,-14.535,-0.65,-4.175,-0.345,15.659,-8.342,-7.3,0
35.271,-10.429,-14.535,-0.65,-4.175,-0.345,15.659,-8.342,-7.3,-5.154,0
24.842,-14.535,-0.65,-4.175,-0.345,15.659,-8.342,-7.3,-5.154,0.017,0
10.307,-0.65,-4.175,-0.345,15.659,-8.342,-7.3,-5.154,0.017,-0.017,0
9.657,-4.175,-0.345,15.659,-8.342,-7.3,-5.154,0.017,-0.017,0,0
5.482,-0.345,15.659,-8.342,-7.3,-5.154,0.017,-0.017,0,0,0
5.137,15.659,-8.342,-7.3,-5.154,0.017,-0.017,0,0,0,0
20.796,-8.342,-7.3,-5.154,0.017,-0.017,0,0,0,0,0
12.454,-7.3,-5.154,0.017,-0.017,0,0,0,0,0,0
5.154,-5.154,0.017,-0.017,0,0,0,0,0,0,0
0,0.017,-0.017,0,0,0,0,0,0,0,0
0.017,-0.017,0,0,0,0,0,0,0,0,0
0,0,0,0,0,0,0,0,0,0.009,0
0,0,0,0,0,0,0,0,0.009,-0.009,0
0,0,0,0,0,0,0,0.009,-0.009,0,0
0,0,0,0,0,0,0.009,-0.009,0,0,0
0,0,0,0,0,0.009,-0.009,0,0,0,0
0,0,0,0,0.009,-0.009,0,0,0,0,0
0,0,0,0.009,-0.009,0,0,0,0,0,0
0,0,0.009,-0.009,0,0,0,0,0,0,0
0,0.009,-0.009,0,0,0,0,0,0,0,0
0.009,-0.009,0,0,0,0,0,0,0,0.149,0
0,0,0,0,0,0,0,0,0.149,0.767,0
0,0,0,0,0,0,0,0.149,0.767,0.342,0
0,0,0,0,0,0,0.149,0.767,0.342,0.448,0
0,0,0,0,0,0.149,0.767,0.342,0.448,0.58,0
0,0,0,0,0.149,0.767,0.342,0.448,0.58,1.597,0
0,0,0,0.149,0.767,0.342,0.448,0.58,1.597,-0.448,0
0,0,0.149,0.767,0.342,0.448,0.58,1.597,-0.448,0.521,0
0,0.149,0.767,0.342,0.448,0.58,1.597,-0.448,0.521,0.434,0
0.149,0.767,0.342,0.448,0.58,1.597,-0.448,0.521,0.434,2.735,0
0.916,0.342,0.448,0.58,1.597,-0.448,0.521,0.434,2.735,-1.162,1
1.258,0.448,0.58,1.597,-0.448,0.521,0.434,2.735,-1.162,0.342,1
1.706,0.58,1.597,-0.448,0.521,0.434,2.735,-1.162,0.342,0.396,1
2.286,1.597,-0.448,0.521,0.434,2.735,-1.162,0.342,0.396,2.25,1
3.883,-0.448,0.521,0.434,2.735,-1.162,0.342,0.396,2.25,0.387,1
3.435,0.521,0.434,2.735,-1.162,0.342,0.396,2.25,0.387,-0.774,1
3.956,0.434,2.735,-1.162,0.342,0.396,2.25,0.387,-0.774,0.06,1
4.39,2.735,-1.162,0.342,0.396,2.25,0.387,-0.774,0.06,2.009,1
7.125,-1.162,0.342,0.396,2.25,0.387,-0.774,0.06,2.009,2.467,1
5.963,0.342,0.396,2.25,0.387,-0.774,0.06,2.009,2.467,-2.262,1
6.305,0.396,2.25,0.387,-0.774,0.06,2.009,2.467,-2.262,-0.254,1
6.701,2.25,0.387,-0.774,0.06,2.009,2.467,-2.262,-0.254,1.318,1
8.951,0.387,-0.774,0.06,2.009,2.467,-2.262,-0.254,1.318,5.129,1
9.338,-0.774,0.06,2.009,2.467,-2.262,-0.254,1.318,5.129,-3.979,1
8.564,0.06,2.009,2.467,-2.262,-0.254,1.318,5.129,-3.979,0.362,1
8.624,2.009,2.467,-2.262,-0.254,1.318,5.129,-3.979,0.362,0.206,1
10.633,2.467,-2.262,-0.254,1.318,5.129,-3.979,0.362,0.206,5.383,1
13.1,-2.262,-0.254,1.318,5.129,-3.979,0.362,0.206,5.383,-2.262,1
10.838,-0.254,1.318,5.129,-3.979,0.362,0.206,5.383,-2.262,-0.956,1
10.584,1.318,5.129,-3.979,0.362,0.206,5.383,-2.262,-0.956,0.037,1
11.902,5.129,-3.979,0.362,0.206,5.383,-2.262,-0.956,0.037,3.822,1
17.031,-3.979,0.362,0.206,5.383,-2.262,-0.956,0.037,3.822,1.33,1
13.052,0.362,0.206,5.383,-2.262,-0.956,0.037,3.822,1.33,-2.709,1
13.414,0.206,5.383,-2.262,-0.956,0.037,3.822,1.33,-2.709,-0.181,1
13.62,5.383,-2.262,-0.956,0.037,3.822,1.33,-2.709,-0.181,1.791,1
19.003,-2.262,-0.956,0.037,3.822,1.33,-2.709,-0.181,1.791,6.199,1
16.741,-0.956,0.037,3.822,1.33,-2.709,-0.181,1.791,6.199,-4.876,1
15.785,0.037,3.822,1.33,-2.709,-0.181,1.791,6.199,-4.876,-1.01,1
15.822,3.822,1.33,-2.709,-0.181,1.791,6.199,-4.876,-1.01,1.041,1
19.644,1.33,-2.709,-0.181,1.791,6.199,-4.876,-1.01,1.041,8.183,1
20.974,-2.709,-0.181,1.791,6.199,-4.876,-1.01,1.041,8.183,-5.438,1
18.265,-0.181,1.791,6.199,-4.876,-1.01,1.041,8.183,-5.438,-1.439,1
18.084,1.791,6.199,-4.876,-1.01,1.041,8.183,-5.438,-1.439,13.323,1
19.875,6.199,-4.876,-1.01,1.041,8.183,-5.438,-1.439,13.323,7.301,1
26.074,-4.876,-1.01,1.041,8.183,-5.438,-1.439,13.323,7.301,-5.334,1
21.198,-1.01,1.041,8.183,-5.438,-1.439,13.323,7.301,-5.334,7.96,1
20.188,1.041,8.183,-5.438,-1.439,13.323,7.301,-5.334,7.96,2.201,1
21.229,8.183,-5.438,-1.439,13.323,7.301,-5.334,7.96,2.201,2.808,1
29.412,-5.438,-1.439,13.323,7.301,-5.334,7.96,2.201,2.808,-3.96,1
23.974,-1.439,13.323,7.301,-5.334,7.96,2.201,2.808,-3.96,-14.493,1
22.535,13.323,7.301,-5.334,7.96,2.201,2.808,-3.96,-14.493,-0.99,1
35.858,7.301,-5.334,7.96,2.201,2.808,-3.96,-14.493,-0.99,1.67,1
43.159,-5.334,7.96,2.201,2.808,-3.96,-14.493,-0.99,1.67,15.606,1
37.825,7.96,2.201,2.808,-3.96,-14.493,-0.99,1.67,15.606,0.923,1
45.785,2.201,2.808,-3.96,-14.493,-0.99,1.67,15.606,0.923,-2.971,1
47.986,2.808,-3.96,-14.493,-0.99,1.67,15.606,0.923,-2.971,1.497,1
50.794,-3.96,-14.493,-0.99,1.67,15.606,0.923,-2.971,1.497,0.968,1
46.834,-14.493,-0.99,1.67,15.606,0.923,-2.971,1.497,0.968,1.171,1
32.341,-0.99,1.67,15.606,0.923,-2.971,1.497,0.968,1.171,-1.496,1
31.351,1.67,15.606,0.923,-2.971,1.497,0.968,1.171,-1.496,-2.494,1
33.021,15.606,0.923,-2.971,1.497,0.968,1.171,-1.496,-2.494,4.023,1
48.627,0.923,-2.971,1.497,0.968,1.171,-1.496,-2.494,4.023,-2.672,1
49.55,-2.971,1.497,0.968,1.171,-1.496,-2.494,4.023,-2.672,2.303,1
46.579,1.497,0.968,1.171,-1.496,-2.494,4.023,-2.672,2.303,-0.721,1
48.076,0.968,1.171,-1.496,-2.494,4.023,-2.672,2.303,-0.721,-7.267,1
49.044,1.171,-1.496,-2.494,4.023,-2.672,2.303,-0.721,-7.267,5.616,1
50.215,-1.496,-2.494,4.023,-2.672,2.303,-0.721,-7.267,5.616,1.02,1
48.719,-2.494,4.023,-2.672,2.303,-0.721,-7.267,5.616,1.02,0.687,1
46.225,4.023,-2.672,2.303,-0.721,-7.267,5.616,1.02,0.687,1.299,1
50.248,-2.672,2.303,-0.721,-7.267,5.616,1.02,0.687,1.299,-0.057,1
47.576,2.303,-0.721,-7.267,5.616,1.02,0.687,1.299,-0.057,-2.631,1
49.879,-0.721,-7.267,5.616,1.02,0.687,1.299,-0.057,-2.631,-0.506,1
49.158,-7.267,5.616,1.02,0.687,1.299,-0.057,-2.631,-0.506,2.946,1
41.891,5.616,1.02,0.687,1.299,-0.057,-2.631,-0.506,2.946,-2.381,1
47.507,1.02,0.687,1.299,-0.057,-2.631,-0.506,2.946,-2.381,1.379,1
48.527,0.687,1.299,-0.057,-2.631,-0.506,2.946,-2.381,1.379,-1.315,1
49.214,1.299,-0.057,-2.631,-0.506,2.946,-2.381,1.379,-1.315,-1.354,1
50.513,-0.057,-2.631,-0.506,2.946,-2.381,1.379,-1.315,-1.354,1.718,1
50.456,-2.631,-0.506,2.946,-2.381,1.379,-1.315,-1.354,1.718,-5.268,1
47.825,-0.506,2.946,-2.381,1.379,-1.315,-1.354,1.718,-5.268,-0.019,1
47.319,2.946,-2.381,1.379,-1.315,-1.354,1.718,-5.268,-0.019,-1.462,1
50.265,-2.381,1.379,-1.315,-1.354,1.718,-5.268,-0.019,-1.462,6.572,1
47.884,1.379,-1.315,-1.354,1.718,-5.268,-0.019,-1.462,6.572,-3.394,1
49.263,-1.315,-1.354,1.718,-5.268,-0.019,-1.462,6.572,-3.394,-42.334,1
47.948,-1.354,1.718,-5.268,-0.019,-1.462,6.572,-3.394,-42.334,13.206,1
46.594,1.718,-5.268,-0.019,-1.462,6.572,-3.394,-42.334,13.206,-4.128,1
48.312,-5.268,-0.019,-1.462,6.572,-3.394,-42.334,13.206,-4.128,9.278,1
43.044,-0.019,-1.462,6.572,-3.394,-42.334,13.206,-4.128,9.278,18.432,1
43.025,-1.462,6.572,-3.394,-42.334,13.206,-4.128,9.278,18.432,-38.364,1
41.563,6.572,-3.394,-42.334,13.206,-4.128,9.278,18.432,-38.364,-0.105,1
48.135,-3.394,-42.334,13.206,-4.128,9.278,18.432,-38.364,-0.105,2.395,1
44.741,-42.334,13.206,-4.128,9.278,18.432,-38.364,-0.105,2.395,38.953,1
2.407,13.206,-4.128,9.278,18.432,-38.364,-0.105,2.395,38.953,-39.165,0
15.613,-4.128,9.278,18.432,-38.364,-0.105,2.395,38.953,-39.165,0.203,0
11.485,9.278,18.432,-38.364,-0.105,2.395,38.953,-39.165,0.203,0.578,0
20.763,18.432,-38.364,-0.105,2.395,38.953,-39.165,0.203,0.578,2.485,0
39.195,-38.364,-0.105,2.395,38.953,-39.165,0.203,0.578,2.485,-1.01,0
0.831,-0.105,2.395,38.953,-39.165,0.203,0.578,2.485,-1.01,0.315,0
0.726,2.395,38.953,-39.165,0.203,0.578,2.485,-1.01,0.315,0.58,0
3.121,38.953,-39.165,0.203,0.578,2.485,-1.01,0.315,0.58,2.08,0
42.074,-39.165,0.203,0.578,2.485,-1.01,0.315,0.58,2.08,0.001,0
2.909,0.203,0.578,2.485,-1.01,0.315,0.58,2.08,0.001,-0.581,1
3.112,0.578,2.485,-1.01,0.315,0.58,2.08,0.001,-0.581,0.614,1
3.69,2.485,-1.01,0.315,0.58,2.08,0.001,-0.581,0.614,1.817,1
6.175,-1.01,0.315,0.58,2.08,0.001,-0.581,0.614,1.817,1.972,1
5.165,0.315,0.58,2.08,0.001,-0.581,0.614,1.817,1.972,-1.693,1
5.48,0.58,2.08,0.001,-0.581,0.614,1.817,1.972,-1.693,-0.255,1
6.06,2.08,0.001,-0.581,0.614,1.817,1.972,-1.693,-0.255,1.077,1
8.14,0.001,-0.581,0.614,1.817,1.972,-1.693,-0.255,1.077,5.395,1
8.141,-0.581,0.614,1.817,1.972,-1.693,-0.255,1.077,5.395,-4.391,1
7.56,0.614,1.817,1.972,-1.693,-0.255,1.077,5.395,-4.391,0.774,1
8.174,1.817,1.972,-1.693,-0.255,1.077,5.395,-4.391,0.774,0.629,1
9.991,1.972,-1.693,-0.255,1.077,5.395,-4.391,0.774,0.629,3.768,1
11.963,-1.693,-0.255,1.077,5.395,-4.391,0.774,0.629,3.768,-0.74,1
10.27,-0.255,1.077,5.395,-4.391,0.774,0.629,3.768,-0.74,-1.262,1
10.015,1.077,5.395,-4.391,0.774,0.629,3.768,-0.74,-1.262,-0.109,1
11.092,5.395,-4.391,0.774,0.629,3.768,-0.74,-1.262,-0.109,2.819,1
16.487,-4.391,0.774,0.629,3.768,-0.74,-1.262,-0.109,2.819,3.024,1
12.096,0.774,0.629,3.768,-0.74,-1.262,-0.109,2.819,3.024,-3.46,1
12.87,0.629,3.768,-0.74,-1.262,-0.109,2.819,3.024,-3.46,6.29,1
13.499,3.768,-0.74,-1.262,-0.109,2.819,3.024,-3.46,6.29,-5.467,1
17.267,-0.74,-1.262,-0.109,2.819,3.024,-3.46,6.29,-5.467,1.911,1
16.527,-1.262,-0.109,2.819,3.024,-3.46,6.29,-5.467,1.911,6.234,1
15.265,-0.109,2.819,3.024,-3.46,6.29,-5.467,1.911,6.234,-7.415,1
15.156,2.819,3.024,-3.46,6.29,-5.467,1.911,6.234,-7.415,-0.622,1
17.975,3.024,-3.46,6.29,-5.467,1.911,6.234,-7.415,-0.622,3.811,1
20.999,-3.46,6.29,-5.467,1.911,6.234,-7.415,-0.622,3.811,6.314,1
17.539,6.29,-5.467,1.911,6.234,-7.415,-0.622,3.811,6.314,-5.939,1
23.829,-5.467,1.911,6.234,-7.415,-0.622,3.811,6.314,-5.939,-0.988,1
18.362,1.911,6.234,-7.415,-0.622,3.811,6.314,-5.939,-0.988,25.456,1
20.273,6.234,-7.415,-0.622,3.811,6.314,-5.939,-0.988,25.456,2.534,1
26.507,-7.415,-0.622,3.811,6.314,-5.939,-0.988,25.456,2.534,-0.865,1
19.092,-0.622,3.811,6.314,-5.939,-0.988,25.456,2.534,-0.865,-0.568,1
18.47,3.811,6.314,-5.939,-0.988,25.456,2.534,-0.865,-0.568,1.293,1
22.281,6.314,-5.939,-0.988,25.456,2.534,-0.865,-0.568,1.293,-1.125,1
28.595,-5.939,-0.988,25.456,2.534,-0.865,-0.568,1.293,-1.125,0.613,1
22.656,-0.988,25.456,2.534,-0.865,-0.568,1.293,-1.125,0.613,-0.887,1
21.668,25.456,2.534,-0.865,-0.568,1.293,-1.125,0.613,-0.887,1.135,1
47.124,2.534,-0.865,-0.568,1.293,-1.125,0.613,-0.887,1.135,0.321,1
49.658,-0.865,-0.568,1.293,-1.125,0.613,-0.887,1.135,0.321,-2.208,1
48.793,-0.568,1.293,-1.125,0.613,-0.887,1.135,0.321,-2.208,2.187,1
48.225,1.293,-1.125,0.613,-0.887,1.135,0.321,-2.208,2.187,-3.032,1
49.518,-1.125,0.613,-0.887,1.135,0.321,-2.208,2.187,-3.032,3.607,1
48.393,0.613,-0.887,1.135,0.321,-2.208,2.187,-3.032,3.607,0.315,1
49.006,-0.887,1.135,0.321,-2.208,2.187,-3.032,3.607,0.315,-1.424,1
48.119,1.135,0.321,-2.208,2.187,-3.032,3.607,0.315,-1.424,0.47,1
49.254,0.321,-2.208,2.187,-3.032,3.607,0.315,-1.424,0.47,0.623,1
49.575,-2.208,2.187,-3.032,3.607,0.315,-1.424,0.47,0.623,-0.214,1
47.367,2.187,-3.032,3.607,0.315,-1.424,0.47,0.623,-0.214,0.446,1
49.554,-3.032,3.607,0.315,-1.424,0.47,0.623,-0.214,0.446,-2.175,1
46.522,3.607,0.315,-1.424,0.47,0.623,-0.214,0.446,-2.175,0.52,1
50.129,0.315,-1.424,0.47,0.623,-0.214,0.446,-2.175,0.52,1.907,1
50.444,-1.424,0.47,0.623,-0.214,0.446,-2.175,0.52,1.907,-1.208,1
49.02,0.47,0.623,-0.214,0.446,-2.175,0.52,1.907,-1.208,-1.435,1
49.49,0.623,-0.214,0.446,-2.175,0.52,1.907,-1.208,-1.435,1.165,1
50.113,-0.214,0.446,-2.175,0.52,1.907,-1.208,-1.435,1.165,-0.006,1
49.899,0.446,-2.175,0.52,1.907,-1.208,-1.435,1.165,-0.006,1.041,1
50.345,-2.175,0.52,1.907,-1.208,-1.435,1.165,-0.006,1.041,-0.604,1
48.17,0.52,1.907,-1.208,-1.435,1.165,-0.006,1.041,-0.604,-0.63,1
48.69,1.907,-1.208,-1.435,1.165,-0.006,1.041,-0.604,-0.63,-2.526,1
50.597,-1.208,-1.435,1.165,-0.006,1.041,-0.604,-0.63,-2.526,3.398,1
49.389,-1.435,1.165,-0.006,1.041,-0.604,-0.63,-2.526,3.398,-3.848,1
47.954,1.165,-0.006,1.041,-0.604,-0.63,-2.526,3.398,-3.848,2.299,1
49.119,-0.006,1.041,-0.604,-0.63,-2.526,3.398,-3.848,2.299,-1.315,1
49.113,1.041,-0.604,-0.63,-2.526,3.398,-3.848,2.299,-1.315,-1.475,1
50.154,-0.604,-0.63,-2.526,3.398,-3.848,2.299,-1.315,-1.475,-23.684,1
49.55,-0.63,-2.526,3.398,-3.848,2.299,-1.315,-1.475,-23.684,-12.531,1
48.92,-2.526,3.398,-3.848,2.299,-1.315,-1.475,-23.684,-12.531,2.378,1
46.394,3.398,-3.848,2.299,-1.315,-1.475,-23.684,-12.531,2.378,35.438,1
49.792,-3.848,2.299,-1.315,-1.475,-23.684,-12.531,2.378,35.438,-27.86,1
45.944,2.299,-1.315,-1.475,-23.684,-12.531,2.378,35.438,-27.86,-9.532,1
48.243,-1.315,-1.475,-23.684,-12.531,2.378,35.438,-27.86,-9.532,-0.645,1
46.928,-1.475,-23.684,-12.531,2.378,35.438,-27.86,-9.532,-0.645,1.006,1
45.453,-23.684,-12.531,2.378,35.438,-27.86,-9.532,-0.645,1.006,0.302,0
21.769,-12.531,2.378,35.438,-27.86,-9.532,-0.645,1.006,0.302,6.666,0
9.238,2.378,35.438,-27.86,-9.532,-0.645,1.006,0.302,6.666,30.077,0
11.616,35.438,-27.86,-9.532,-0.645,1.006,0.302,6.666,30.077,-8.607,0
47.054,-27.86,-9.532,-0.645,1.006,0.302,6.666,30.077,-8.607,-22.461,0
19.194,-9.532,-0.645,1.006,0.302,6.666,30.077,-8.607,-22.461,-13.908,0
9.662,-0.645,1.006,0.302,6.666,30.077,-8.607,-22.461,-13.908,0.204,0
9.017,1.006,0.302,6.666,30.077,-8.607,-22.461,-13.908,0.204,0.861,0
10.023,0.302,6.666,30.077,-8.607,-22.461,-13.908,0.204,0.861,1.536,0
10.325,6.666,30.077,-8.607,-22.461,-13.908,0.204,0.861,1.536,-0.411,0
16.991,30.077,-8.607,-22.461,-13.908,0.204,0.861,1.536,-0.411,0.218,0
47.068,-8.607,-22.461,-13.908,0.204,0.861,1.536,-0.411,0.218,0.689,0
38.461,-22.461,-13.908,0.204,0.861,1.536,-0.411,0.218,0.689,2.843,0
16,-13.908,0.204,0.861,1.536,-0.411,0.218,0.689,2.843,-1.38,0
2.092,0.204,0.861,1.536,-0.411,0.218,0.689,2.843,-1.38,-0.132,0
2.296,0.861,1.536,-0.411,0.218,0.689,2.843,-1.38,-0.132,0.786,1
3.157,1.536,-0.411,0.218,0.689,2.843,-1.38,-0.132,0.786,3.433,1
4.693,-0.411,0.218,0.689,2.843,-1.38,-0.132,0.786,3.433,-1.51,1
4.282,0.218,0.689,2.843,-1.38,-0.132,0.786,3.433,-1.51,0.109,1
4.5,0.689,2.843,-1.38,-0.132,0.786,3.433,-1.51,0.109,0.242,1
5.189,2.843,-1.38,-0.132,0.786,3.433,-1.51,0.109,0.242,2.504,1
8.032,-1.38,-0.132,0.786,3.433,-1.51,0.109,0.242,2.504,1.028,1
6.652,-0.132,0.786,3.433,-1.51,0.109,0.242,2.504,1.028,-1.451,1
6.52,0.786,3.433,-1.51,0.109,0.242,2.504,1.028,-1.451,0.011,1
7.306,3.433,-1.51,0.109,0.242,2.504,1.028,-1.451,0.011,1.392,1
10.739,-1.51,0.109,0.242,2.504,1.028,-1.451,0.011,1.392,4.621,1
9.229,0.109,0.242,2.504,1.028,-1.451,0.011,1.392,4.621,-4.032,1
9.338,0.242,2.504,1.028,-1.451,0.011,1.392,4.621,-4.032,-0.226,1
9.58,2.504,1.028,-1.451,0.011,1.392,4.621,-4.032,-0.226,0.979,1
12.084,1.028,-1.451,0.011,1.392,4.621,-4.032,-0.226,0.979,6.847,1
13.112,-1.451,0.011,1.392,4.621,-4.032,-0.226,0.979,6.847,-4.778,1
11.661,0.011,1.392,4.621,-4.032,-0.226,0.979,6.847,-4.778,0.157,1
11.672,1.392,4.621,-4.032,-0.226,0.979,6.847,-4.778,0.157,0.556,1
13.064,4.621,-4.032,-0.226,0.979,6.847,-4.778,0.157,0.556,3.641,1
17.685,-4.032,-0.226,0.979,6.847,-4.778,0.157,0.556,3.641,0.92,1
13.653,-0.226,0.979,6.847,-4.778,0.157,0.556,3.641,0.92,-2.94,1
13.427,0.979,6.847,-4.778,0.157,0.556,3.641,0.92,-2.94,0.276,1
14.406,6.847,-4.778,0.157,0.556,3.641,0.92,-2.94,0.276,1.696,1
21.253,-4.778,0.157,0.556,3.641,0.92,-2.94,0.276,1.696,5.963,1
16.475,0.157,0.556,3.641,0.92,-2.94,0.276,1.696,5.963,-6.169,1
16.632,0.556,3.641,0.92,-2.94,0.276,1.696,5.963,-6.169,4.456,1
17.188,3.641,0.92,-2.94,0.276,1.696,5.963,-6.169,4.456,15.561,1
20.829,0.92,-2.94,0.276,1.696,5.963,-6.169,4.456,15.561,6.316,1
21.749,-2.94,0.276,1.696,5.963,-6.169,4.456,15.561,6.316,-4.916,1
18.809,0.276,1.696,5.963,-6.169,4.456,15.561,6.316,-4.916,5.289,1
19.085,1.696,5.963,-6.169,4.456,15.561,6.316,-4.916,5.289,-0.92,1
20.781,5.963,-6.169,4.456,15.561,6.316,-4.916,5.289,-0.92,0.345,1
26.744,-6.169,4.456,15.561,6.316,-4.916,5.289,-0.92,0.345,2.448,1
20.575,4.456,15.561,6.316,-4.916,5.289,-0.92,0.345,2.448,-0.45,1
25.031,15.561,6.316,-4.916,5.289,-0.92,0.345,2.448,-0.45,0.566,1
40.592,6.316,-4.916,5.289,-0.92,0.345,2.448,-0.45,0.566,-0.227,1
46.908,-4.916,5.289,-0.92,0.345,2.448,-0.45,0.566,-0.227,0.937,1
41.992,5.289,-0.92,0.345,2.448,-0.45,0.566,-0.227,0.937,-1.111,1
47.281,-0.92,0.345,2.448,-0.45,0.566,-0.227,0.937,-1.111,-2.953,1
46.361,0.345,2.448,-0.45,0.566,-0.227,0.937,-1.111,-2.953,3.995,1
46.706,2.448,-0.45,0.566,-0.227,0.937,-1.111,-2.953,3.995,0.457,1
49.154,-0.45,0.566,-0.227,0.937,-1.111,-2.953,3.995,0.457,-0.46,1
48.704,0.566,-0.227,0.937,-1.111,-2.953,3.995,0.457,-0.46,0.24,1
49.27,-0.227,0.937,-1.111,-2.953,3.995,0.457,-0.46,0.24,-0.207,1
49.043,0.937,-1.111,-2.953,3.995,0.457,-0.46,0.24,-0.207,-1.18,1
49.98,-1.111,-2.953,3.995,0.457,-0.46,0.24,-0.207,-1.18,0.682,1
48.869,-2.953,3.995,0.457,-0.46,0.24,-0.207,-1.18,0.682,-6.488,1
45.916,3.995,0.457,-0.46,0.24,-0.207,-1.18,0.682,-6.488,3.698,1
49.911,0.457,-0.46,0.24,-0.207,-1.18,0.682,-6.488,3.698,3.229,1
50.368,-0.46,0.24,-0.207,-1.18,0.682,-6.488,3.698,3.229,-0.924,1
49.908,0.24,-0.207,-1.18,0.682,-6.488,3.698,3.229,-0.924,-0.233,1
50.148,-0.207,-1.18,0.682,-6.488,3.698,3.229,-0.924,-0.233,-1.588,1
49.941,-1.18,0.682,-6.488,3.698,3.229,-0.924,-0.233,-1.588,-5.502,1
48.761,0.682,-6.488,3.698,3.229,-0.924,-0.233,-1.588,-5.502,2.804,1
49.443,-6.488,3.698,3.229,-0.924,-0.233,-1.588,-5.502,2.804,4.279,1
42.955,3.698,3.229,-0.924,-0.233,-1.588,-5.502,2.804,4.279,1.585,1
46.653,3.229,-0.924,-0.233,-1.588,-5.502,2.804,4.279,1.585,-0.39,1
49.882,-0.924,-0.233,-1.588,-5.502,2.804,4.279,1.585,-0.39,0.126,1
48.958,-0.233,-1.588,-5.502,2.804,4.279,1.585,-0.39,0.126,-0.749,1
48.725,-1.588,-5.502,2.804,4.279,1.585,-0.39,0.126,-0.749,-3.882,1
47.137,-5.502,2.804,4.279,1.585,-0.39,0.126,-0.749,-3.882,1.964,1
41.635,2.804,4.279,1.585,-0.39,0.126,-0.749,-3.882,1.964,1.359,1
44.439,4.279,1.585,-0.39,0.126,-0.749,-3.882,1.964,1.359,-6.404,1
48.718,1.585,-0.39,0.126,-0.749,-3.882,1.964,1.359,-6.404,0.519,1
50.303,-0.39,0.126,-0.749,-3.882,1.964,1.359,-6.404,0.519,5.475,1
49.913,0.126,-0.749,-3.882,1.964,1.359,-6.404,0.519,5.475,0.516,1
50.039,-0.749,-3.882,1.964,1.359,-6.404,0.519,5.475,0.516,-1.562,1
49.29,-3.882,1.964,1.359,-6.404,0.519,5.475,0.516,-1.562,-47.262,1
45.408,1.964,1.359,-6.404,0.519,5.475,0.516,-1.562,-47.262,10.557,1
47.372,1.359,-6.404,0.519,5.475,0.516,-1.562,-47.262,10.557,-10.548,1
48.731,-6.404,0.519,5.475,0.516,-1.562,-47.262,10.557,-10.548,9.621,1
42.327,0.519,5.475,0.516,-1.562,-47.262,10.557,-10.548,9.621,-3.998,1
42.846,5.475,0.516,-1.562,-47.262,10.557,-10.548,9.621,-3.998,-0.019,1
48.321,0.516,-1.562,-47.262,10.557,-10.548,9.621,-3.998,-0.019,3.638,1
48.837,-1.562,-47.262,10.557,-10.548,9.621,-3.998,-0.019,3.638,21.377,1
47.275,-47.262,10.557,-10.548,9.621,-3.998,-0.019,3.638,21.377,4.633,0
0.013,10.557,-10.548,9.621,-3.998,-0.019,3.638,21.377,4.633,-5.517,0
10.57,-10.548,9.621,-3.998,-0.019,3.638,21.377,4.633,-5.517,-28.112,0
0.022,9.621,-3.998,-0.019,3.638,21.377,4.633,-5.517,-28.112,0.907,0
9.643,-3.998,-0.019,3.638,21.377,4.633,-5.517,-28.112,0.907,1.028,0
5.645,-0.019,3.638,21.377,4.633,-5.517,-28.112,0.907,1.028,0.001,0
5.626,3.638,21.377,4.633,-5.517,-28.112,0.907,1.028,0.001,0.169,0
9.264,21.377,4.633,-5.517,-28.112,0.907,1.028,0.001,0.169,0.894,0
30.641,4.633,-5.517,-28.112,0.907,1.028,0.001,0.169,0.894,1.949,0
35.274,-5.517,-28.112,0.907,1.028,0.001,0.169,0.894,1.949,-0.86,0
29.757,-28.112,0.907,1.028,0.001,0.169,0.894,1.949,-0.86,0.144,0
1.645,0.907,1.028,0.001,0.169,0.894,1.949,-0.86,0.144,0.467,1
2.552,1.028,0.001,0.169,0.894,1.949,-0.86,0.144,0.467,3.853,1
3.58,0.001,0.169,0.894,1.949,-0.86,0.144,0.467,3.853,-2.214,1
3.581,0.169,0.894,1.949,-0.86,0.144,0.467,3.853,-2.214,-0.205,1
3.75,0.894,1.949,-0.86,0.144,0.467,3.853,-2.214,-0.205,0.943,1
4.644,1.949,-0.86,0.144,0.467,3.853,-2.214,-0.205,0.943,3.557,1
6.593,-0.86,0.144,0.467,3.853,-2.214,-0.205,0.943,3.557,-1.646,1
5.733,0.144,0.467,3.853,-2.214,-0.205,0.943,3.557,-1.646,0.049,1
5.877,0.467,3.853,-2.214,-0.205,0.943,3.557,-1.646,0.049,0.592,1
6.344,3.853,-2.214,-0.205,0.943,3.557,-1.646,0.049,0.592,2.565,1
10.197,-2.214,-0.205,0.943,3.557,-1.646,0.049,0.592,2.565,0.892,1
7.983,-0.205,0.943,3.557,-1.646,0.049,0.592,2.565,0.892,-1.775,1
7.778,0.943,3.557,-1.646,0.049,0.592,2.565,0.892,-1.775,-0.919,1
8.721,3.557,-1.646,0.049,0.592,2.565,0.892,-1.775,-0.919,2.878,1
12.278,-1.646,0.049,0.592,2.565,0.892,-1.775,-0.919,2.878,3.17,1
10.632,0.049,0.592,2.565,0.892,-1.775,-0.919,2.878,3.17,-2.916,1
10.681,0.592,2.565,0.892,-1.775,-0.919,2.878,3.17,-2.916,0.375,1
11.273,2.565,0.892,-1.775,-0.919,2.878,3.17,-2.916,0.375,0.63,1
13.838,0.892,-1.775,-0.919,2.878,3.17,-2.916,0.375,0.63,7.365,1
14.73,-1.775,-0.919,2.878,3.17,-2.916,0.375,0.63,7.365,-6.277,1
12.955,-0.919,2.878,3.17,-2.916,0.375,0.63,7.365,-6.277,0.82,1
12.036,2.878,3.17,-2.916,0.375,0.63,7.365,-6.277,0.82,0.535,1
14.914,3.17,-2.916,0.375,0.63,7.365,-6.277,0.82,0.535,4.838,1
18.084,-2.916,0.375,0.63,7.365,-6.277,0.82,0.535,4.838,-0.713,1
15.168,0.375,0.63,7.365,-6.277,0.82,0.535,4.838,-0.713,-2.602,1
15.543,0.63,7.365,-6.277,0.82,0.535,4.838,-0.713,-2.602,0.158,1
16.173,7.365,-6.277,0.82,0.535,4.838,-0.713,-2.602,0.158,3.037,1
23.538,-6.277,0.82,0.535,4.838,-0.713,-2.602,0.158,3.037,10.052,1
17.261,0.82,0.535,4.838,-0.713,-2.602,0.158,3.037,10.052,14.237,1
18.081,0.535,4.838,-0.713,-2.602,0.158,3.037,10.052,14.237,-1.373,1
18.616,4.838,-0.713,-2.602,0.158,3.037,10.052,14.237,-1.373,2.92,1
23.454,-0.713,-2.602,0.158,3.037,10.052,14.237,-1.373,2.92,-0.218,1
22.741,-2.602,0.158,3.037,10.052,14.237,-1.373,2.92,-0.218,0.56,1
20.139,0.158,3.037,10.052,14.237,-1.373,2.92,-0.218,0.56,-1.977,1
20.297,3.037,10.052,14.237,-1.373,2.92,-0.218,0.56,-1.977,1.765,1
23.334,10.052,14.237,-1.373,2.92,-0.218,0.56,-1.977,1.765,-0.29,1
33.386,14.237,-1.373,2.92,-0.218,0.56,-1.977,1.765,-0.29,1.44,1
47.623,-1.373,2.92,-0.218,0.56,-1.977,1.765,-0.29,1.44,-2.651,1
46.25,2.92,-0.218,0.56,-1.977,1.765,-0.29,1.44,-2.651,2.445,1
49.17,-0.218,0.56,-1.977,1.765,-0.29,1.44,-2.651,2.445,-0.731,1
48.952,0.56,-1.977,1.765,-0.29,1.44,-2.651,2.445,-0.731,0.398,1
49.512,-1.977,1.765,-0.29,1.44,-2.651,2.445,-0.731,0.398,-0.121,1
47.535,1.765,-0.29,1.44,-2.651,2.445,-0.731,0.398,-0.121,-3.902,1
49.3,-0.29,1.44,-2.651,2.445,-0.731,0.398,-0.121,-3.902,3.309,1
49.01,1.44,-2.651,2.445,-0.731,0.398,-0.121,-3.902,3.309,-0.754,1
50.45,-2.651,2.445,-0.731,0.398,-0.121,-3.902,3.309,-0.754,-0.773,1
47.799,2.445,-0.731,0.398,-0.121,-3.902,3.309,-0.754,-0.773,-0.063,1
50.244,-0.731,0.398,-0.121,-3.902,3.309,-0.754,-0.773,-0.063,-0.31,1
49.513,0.398,-0.121,-3.902,3.309,-0.754,-0.773,-0.063,-0.31,2.744,1
49.911,-0.121,-3.902,3.309,-0.754,-0.773,-0.063,-0.31,2.744,-0.47,1
49.79,-3.902,3.309,-0.754,-0.773,-0.063,-0.31,2.744,-0.47,-1.772,1
45.888,3.309,-0.754,-0.773,-0.063,-0.31,2.744,-0.47,-1.772,-1.266,1
49.197,-0.754,-0.773,-0.063,-0.31,2.744,-0.47,-1.772,-1.266,3.819,1
48.443,-0.773,-0.063,-0.31,2.744,-0.47,-1.772,-1.266,3.819,-0.975,1
47.67,-0.063,-0.31,2.744,-0.47,-1.772,-1.266,3.819,-0.975,0.284,1
47.607,-0.31,2.744,-0.47,-1.772,-1.266,3.819,-0.975,0.284,0.346,1
47.297,2.744,-0.47,-1.772,-1.266,3.819,-0.975,0.284,0.346,1.081,1
50.041,-0.47,-1.772,-1.266,3.819,-0.975,0.284,0.346,1.081,-1.984,1
49.571,-1.772,-1.266,3.819,-0.975,0.284,0.346,1.081,-1.984,1.412,1
47.799,-1.266,3.819,-0.975,0.284,0.346,1.081,-1.984,1.412,-8.907,1
46.533,3.819,-0.975,0.284,0.346,1.081,-1.984,1.412,-8.907,7.1,1
50.352,-0.975,0.284,0.346,1.081,-1.984,1.412,-8.907,7.1,-8.847,1
49.377,0.284,0.346,1.081,-1.984,1.412,-8.907,7.1,-8.847,8.653,1
49.661,0.346,1.081,-1.984,1.412,-8.907,7.1,-8.847,8.653,0.176,1
50.007,1.081,-1.984,1.412,-8.907,7.1,-8.847,8.653,0.176,1.716,1
51.088,-1.984,1.412,-8.907,7.1,-8.847,8.653,0.176,1.716,-0.946,1
49.104,1.412,-8.907,7.1,-8.847,8.653,0.176,1.716,-0.946,-12.573,1
50.516,-8.907,7.1,-8.847,8.653,0.176,1.716,-0.946,-12.573,-25.832,1
41.609,7.1,-8.847,8.653,0.176,1.716,-0.946,-12.573,-25.832,-2.587,1
48.709,-8.847,8.653,0.176,1.716,-0.946,-12.573,-25.832,-2.587,-6.714,1
39.862,8.653,0.176,1.716,-0.946,-12.573,-25.832,-2.587,-6.714,32.937,1
48.515,0.176,1.716,-0.946,-12.573,-25.832,-2.587,-6.714,32.937,7.139,1
48.691,1.716,-0.946,-12.573,-25.832,-2.587,-6.714,32.937,7.139,-41.831,1
50.407,-0.946,-12.573,-25.832,-2.587,-6.714,32.937,7.139,-41.831,0,1
49.461,-12.573,-25.832,-2.587,-6.714,32.937,7.139,-41.831,0,0,1
36.888,-25.832,-2.587,-6.714,32.937,7.139,-41.831,0,0,38.858,0
11.056,-2.587,-6.714,32.937,7.139,-41.831,0,0,38.858,-25.794,0
8.469,-6.714,32.937,7.139,-41.831,0,0,38.858,-25.794,-12.518,0
1.755,32.937,7.139,-41.831,0,0,38.858,-25.794,-12.518,11.799,0
34.692,7.139,-41.831,0,0,38.858,-25.794,-12.518,11.799,1.525,0
41.831,-41.831,0,0,38.858,-25.794,-12.518,11.799,1.525,-11.382,0
0,0,0,38.858,-25.794,-12.518,11.799,1.525,-11.382,0.476,0
0,0,38.858,-25.794,-12.518,11.799,1.525,-11.382,0.476,2.177,0
0,38.858,-25.794,-12.518,11.799,1.525,-11.382,0.476,2.177,-0.702,0
38.858,-25.794,-12.518,11.799,1.525,-11.382,0.476,2.177,-0.702,0.351,0
13.064,-12.518,11.799,1.525,-11.382,0.476,2.177,-0.702,0.351,0.472,0
0.546,11.799,1.525,-11.382,0.476,2.177,-0.702,0.351,0.472,1.995,0
12.345,1.525,-11.382,0.476,2.177,-0.702,0.351,0.472,1.995,0.224,0
13.87,-11.382,0.476,2.177,-0.702,0.351,0.472,1.995,0.224,-0.449,0
2.488,0.476,2.177,-0.702,0.351,0.472,1.995,0.224,-0.449,0.552,1
2.964,2.177,-0.702,0.351,0.472,1.995,0.224,-0.449,0.552,1.306,1
5.141,-0.702,0.351,0.472,1.995,0.224,-0.449,0.552,1.306,2.239,1
4.439,0.351,0.472,1.995,0.224,-0.449,0.552,1.306,2.239,-1.731,1
4.79,0.472,1.995,0.224,-0.449,0.552,1.306,2.239,-1.731,-0.302,1
5.262,1.995,0.224,-0.449,0.552,1.306,2.239,-1.731,-0.302,1.501,1
7.257,0.224,-0.449,0.552,1.306,2.239,-1.731,-0.302,1.501,4.244,1
7.481,-0.449,0.552,1.306,2.239,-1.731,-0.302,1.501,4.244,-3.132,1
7.032,0.552,1.306,2.239,-1.731,-0.302,1.501,4.244,-3.132,-0.648,1
7.584,1.306,2.239,-1.731,-0.302,1.501,4.244,-3.132,-0.648,1.596,1
8.89,2.239,-1.731,-0.302,1.501,4.244,-3.132,-0.648,1.596,5.151,1
11.129,-1.731,-0.302,1.501,4.244,-3.132,-0.648,1.596,5.151,-3.341,1
9.398,-0.302,1.501,4.244,-3.132,-0.648,1.596,5.151,-3.341,-0.17,1
9.096,1.501,4.244,-3.132,-0.648,1.596,5.151,-3.341,-0.17,0.497,1
10.597,4.244,-3.132,-0.648,1.596,5.151,-3.341,-0.17,0.497,3.434,1
14.841,-3.132,-0.648,1.596,5.151,-3.341,-0.17,0.497,3.434,0.969,1
11.709,-0.648,1.596,5.151,-3.341,-0.17,0.497,3.434,0.969,-2.747,1
11.061,1.596,5.151,-3.341,-0.17,0.497,3.434,0.969,-2.747,0.521,1
12.657,5.151,-3.341,-0.17,0.497,3.434,0.969,-2.747,0.521,1.536,1
17.808,-3.341,-0.17,0.497,3.434,0.969,-2.747,0.521,1.536,4.92,1
14.467,-0.17,0.497,3.434,0.969,-2.747,0.521,1.536,4.92,-5.319,1
14.297,0.497,3.434,0.969,-2.747,0.521,1.536,4.92,-5.319,0.931,1
14.794,3.434,0.969,-2.747,0.521,1.536,4.92,-5.319,0.931,0.521,1
18.228,0.969,-2.747,0.521,1.536,4.92,-5.319,0.931,0.521,26.265,1
19.197,-2.747,0.521,1.536,4.92,-5.319,0.931,0.521,26.265,3.675,1
16.45,0.521,1.536,4.92,-5.319,0.931,0.521,26.265,3.675,0.745,1
16.971,1.536,4.92,-5.319,0.931,0.521,26.265,3.675,0.745,-0.468,1
18.507,4.92,-5.319,0.931,0.521,26.265,3.675,0.745,-0.468,-1.224,1
23.427,-5.319,0.931,0.521,26.265,3.675,0.745,-0.468,-1.224,1.134,1
18.108,0.931,0.521,26.265,3.675,0.745,-0.468,-1.224,1.134,-0.655,1
19.039,0.521,26.265,3.675,0.745,-0.468,-1.224,1.134,-0.655,-1.226,1
19.56,26.265,3.675,0.745,-0.468,-1.224,1.134,-0.655,-1.226,-2.789,1
45.825,3.675,0.745,-0.468,-1.224,1.134,-0.655,-1.226,-2.789,3.201,1
49.5,0.745,-0.468,-1.224,1.134,-0.655,-1.226,-2.789,3.201,3.888,1
50.245,-0.468,-1.224,1.134,-0.655,-1.226,-2.789,3.201,3.888,-4.92,1
49.777,-1.224,1.134,-0.655,-1.226,-2.789,3.201,3.888,-4.92,-0.94,1
48.553,1.134,-0.655,-1.226,-2.789,3.201,3.888,-4.92,-0.94,2.749,1
49.687,-0.655,-1.226,-2.789,3.201,3.888,-4.92,-0.94,2.749,0.766,1
49.032,-1.226,-2.789,3.201,3.888,-4.92,-0.94,2.749,0.766,-2.21,1
47.806,-2.789,3.201,3.888,-4.92,-0.94,2.749,0.766,-2.21,0.808,1
45.017,3.201,3.888,-4.92,-0.94,2.749,0.766,-2.21,0.808,1.198,1
48.218,3.888,-4.92,-0.94,2.749,0.766,-2.21,0.808,1.198,-0.17,1
52.106,-4.92,-0.94,2.749,0.766,-2.21,0.808,1.198,-0.17,-0.585,1
47.186,-0.94,2.749,0.766,-2.21,0.808,1.198,-0.17,-0.585,-0.111,1
46.246,2.749,0.766,-2.21,0.808,1.198,-0.17,-0.585,-0.111,1.975,1
48.995,0.766,-2.21,0.808,1.198,-0.17,-0.585,-0.111,1.975,-0.496,1
49.761,-2.21,0.808,1.198,-0.17,-0.585,-0.111,1.975,-0.496,-17.528,1
47.551,0.808,1.198,-0.17,-0.585,-0.111,1.975,-0.496,-17.528,15.595,1
48.359,1.198,-0.17,-0.585,-0.111,1.975,-0.496,-17.528,15.595,2.277,1
49.557,-0.17,-0.585,-0.111,1.975,-0.496,-17.528,15.595,2.277,-1.615,1
49.387,-0.585,-0.111,1.975,-0.496,-17.528,15.595,2.277,-1.615,-1.712,1
48.802,-0.111,1.975,-0.496,-17.528,15.595,2.277,-1.615,-1.712,-5.865,1
48.691,1.975,-0.496,-17.528,15.595,2.277,-1.615,-1.712,-5.865,5.075,1
50.666,-0.496,-17.528,15.595,2.277,-1.615,-1.712,-5.865,5.075,-2.586,1
50.17,-17.528,15.595,2.277,-1.615,-1.712,-5.865,5.075,-2.586,-0.212,1
32.642,15.595,2.277,-1.615,-1.712,-5.865,5.075,-2.586,-0.212,5.725,1
48.237,2.277,-1.615,-1.712,-5.865,5.075,-2.586,-0.212,5.725,0.885,1
50.514,-1.615,-1.712,-5.865,5.075,-2.586,-0.212,5.725,0.885,-0.486,1
48.899,-1.712,-5.865,5.075,-2.586,-0.212,5.725,0.885,-0.486,-2.995,1
47.187,-5.865,5.075,-2.586,-0.212,5.725,0.885,-0.486,-2.995,3.431,1
41.322,5.075,-2.586,-0.212,5.725,0.885,-0.486,-2.995,3.431,0.488,1
46.397,-2.586,-0.212,5.725,0.885,-0.486,-2.995,3.431,0.488,-2.241,1
43.811,-0.212,5.725,0.885,-0.486,-2.995,3.431,0.488,-2.241,-0.548,1
43.599,5.725,0.885,-0.486,-2.995,3.431,0.488,-2.241,-0.548,1.418,1
49.324,0.885,-0.486,-2.995,3.431,0.488,-2.241,-0.548,1.418,-2.1,1
50.209,-0.486,-2.995,3.431,0.488,-2.241,-0.548,1.418,-2.1,-6.891,1
49.723,-2.995,3.431,0.488,-2.241,-0.548,1.418,-2.1,-6.891,-29.967,1
46.728,3.431,0.488,-2.241,-0.548,1.418,-2.1,-6.891,-29.967,3.783,1
50.159,0.488,-2.241,-0.548,1.418,-2.1,-6.891,-29.967,3.783,22.677,1
50.647,-2.241,-0.548,1.418,-2.1,-6.891,-29.967,3.783,22.677,-22.272,1
48.406,-0.548,1.418,-2.1,-6.891,-29.967,3.783,22.677,-22.272,-14.5,1
47.858,1.418,-2.1,-6.891,-29.967,3.783,22.677,-22.272,-14.5,21.622,1
49.276,-2.1,-6.891,-29.967,3.783,22.677,-22.272,-14.5,21.622,-9.58,1
47.176,-6.891,-29.967,3.783,22.677,-22.272,-14.5,21.622,-9.58,-12.032,1
40.285,-29.967,3.783,22.677,-22.272,-14.5,21.622,-9.58,-12.032,-0.016,0
10.318,3.783,22.677,-22.272,-14.5,21.622,-9.58,-12.032,-0.016,0.764,0
14.101,22.677,-22.272,-14.5,21.622,-9.58,-12.032,-0.016,0.764,-0.054,0
36.778,-22.272,-14.5,21.622,-9.58,-12.032,-0.016,0.764,-0.054,1.008,0
14.506,-14.5,21.622,-9.58,-12.032,-0.016,0.764,-0.054,1.008,0.955,0
0.006,21.622,-9.58,-12.032,-0.016,0.764,-0.054,1.008,0.955,0.121,0
21.628,-9.58,-12.032,-0.016,0.764,-0.054,1.008,0.955,0.121,0.436,0
12.048,-12.032,-0.016,0.764,-0.054,1.008,0.955,0.121,0.436,0.568,0
0.016,-0.016,0.764,-0.054,1.008,0.955,0.121,0.436,0.568,2.141,0
0,0.764,-0.054,1.008,0.955,0.121,0.436,0.568,2.141,-0.946,0
0.764,-0.054,1.008,0.955,0.121,0.436,0.568,2.141,-0.946,0.317,0
0.71,1.008,0.955,0.121,0.436,0.568,2.141,-0.946,0.317,0.569,0
1.718,0.955,0.121,0.436,0.568,2.141,-0.946,0.317,0.569,3.011,1
2.673,0.121,0.436,0.568,2.141,-0.946,0.317,0.569,3.011,-1.294,1
2.794,0.436,0.568,2.141,-0.946,0.317,0.569,3.011,-1.294,0.17,1
3.23,0.568,2.141,-0.946,0.317,0.569,3.011,-1.294,0.17,0.508,1
3.798,2.141,-0.946,0.317,0.569,3.011,-1.294,0.17,0.508,2.165,1
5.939,-0.946,0.317,0.569,3.011,-1.294,0.17,0.508,2.165,0.919,1
4.993,0.317,0.569,3.011,-1.294,0.17,0.508,2.165,0.919,-1.27,1
5.31,0.569,3.011,-1.294,0.17,0.508,2.165,0.919,-1.27,0.178,1
5.879,3.011,-1.294,0.17,0.508,2.165,0.919,-1.27,0.178,1.371,1
8.89,-1.294,0.17,0.508,2.165,0.919,-1.27,0.178,1.371,3.809,1
7.596,0.17,0.508,2.165,0.919,-1.27,0.178,1.371,3.809,-3.047,1
7.766,0.508,2.165,0.919,-1.27,0.178,1.371,3.809,-3.047,0.616,1
8.274,2.165,0.919,-1.27,0.178,1.371,3.809,-3.047,0.616,0.207,1
10.439,0.919,-1.27,0.178,1.371,3.809,-3.047,0.616,0.207,4.764,1
11.358,-1.27,0.178,1.371,3.809,-3.047,0.616,0.207,4.764,-1.91,1
10.088,0.178,1.371,3.809,-3.047,0.616,0.207,4.764,-1.91,-0.787,1
10.266,1.371,3.809,-3.047,0.616,0.207,4.764,-1.91,-0.787,-0.205,1
11.637,3.809,-3.047,0.616,0.207,4.764,-1.91,-0.787,-0.205,3.408,1
15.446,-3.047,0.616,0.207,4.764,-1.91,-0.787,-0.205,3.408,2.446,1
12.399,0.616,0.207,4.764,-1.91,-0.787,-0.205,3.408,2.446,-3.653,1
13.015,0.207,4.764,-1.91,-0.787,-0.205,3.408,2.446,-3.653,-0.435,1
13.222,4.764,-1.91,-0.787,-0.205,3.408,2.446,-3.653,-0.435,2.298,1
17.986,-1.91,-0.787,-0.205,3.408,2.446,-3.653,-0.435,2.298,22.983,1
16.076,-0.787,-0.205,3.408,2.446,-3.653,-0.435,2.298,22.983,7.838,1
15.289,-0.205,3.408,2.446,-3.653,-0.435,2.298,22.983,7.838,-1.787,1
15.084,3.408,2.446,-3.653,-0.435,2.298,22.983,7.838,-1.787,-0.2,1
18.492,2.446,-3.653,-0.435,2.298,22.983,7.838,-1.787,-0.2,2.195,1
20.938,-3.653,-0.435,2.298,22.983,7.838,-1.787,-0.2,2.195,-2.543,1
17.285,-0.435,2.298,22.983,7.838,-1.787,-0.2,2.195,-2.543,1.786,1
16.85,2.298,22.983,7.838,-1.787,-0.2,2.195,-2.543,1.786,-0.665,1
19.148,22.983,7.838,-1.787,-0.2,2.195,-2.543,1.786,-0.665,-5.225,1
42.131,7.838,-1.787,-0.2,2.195,-2.543,1.786,-0.665,-5.225,3.771,1
49.969,-1.787,-0.2,2.195,-2.543,1.786,-0.665,-5.225,3.771,2.738,1
48.182,-0.2,2.195,-2.543,1.786,-0.665,-5.225,3.771,2.738,-1.999,1
47.982,2.195,-2.543,1.786,-0.665,-5.225,3.771,2.738,-1.999,0.69,1
50.177,-2.543,1.786,-0.665,-5.225,3.771,2.738,-1.999,0.69,0.477,1
47.634,1.786,-0.665,-5.225,3.771,2.738,-1.999,0.69,0.477,-1.676,1
49.42,-0.665,-5.225,3.771,2.738,-1.999,0.69,0.477,-1.676,1.505,1
48.755,-5.225,3.771,2.738,-1.999,0.69,0.477,-1.676,1.505,0.655,1
43.53,3.771,2.738,-1.999,0.69,0.477,-1.676,1.505,0.655,-0.247,1
47.301,2.738,-1.999,0.69,0.477,-1.676,1.505,0.655,-0.247,-0.485,1
50.039,-1.999,0.69,0.477,-1.676,1.505,0.655,-0.247,-0.485,1.62,1
48.04,0.69,0.477,-1.676,1.505,0.655,-0.247,-0.485,1.62,-2.983,1
48.73,0.477,-1.676,1.505,0.655,-0.247,-0.485,1.62,-2.983,3.211,1
49.207,-1.676,1.505,0.655,-0.247,-0.485,1.62,-2.983,3.211,-3.276,1
47.531,1.505,0.655,-0.247,-0.485,1.62,-2.983,3.211,-3.276,-16.008,1
49.036,0.655,-0.247,-0.485,1.62,-2.983,3.211,-3.276,-16.008,9.755,1
49.691,-0.247,-0.485,1.62,-2.983,3.211,-3.276,-16.008,9.755,4.624,1
49.444,-0.485,1.62,-2.983,3.211,-3.276,-16.008,9.755,4.624,-3.582,1
48.959,1.62,-2.983,3.211,-3.276,-16.008,9.755,4.624,-3.582,-4.426,1
50.579,-2.983,3.211,-3.276,-16.008,9.755,4.624,-3.582,-4.426,9.208,1
47.596,3.211,-3.276,-16.008,9.755,4.624,-3.582,-4.426,9.208,2.756,1
50.807,-3.276,-16.008,9.755,4.624,-3.582,-4.426,9.208,2.756,0.665,1
47.531,-16.008,9.755,4.624,-3.582,-4.426,9.208,2.756,0.665,-1.161,1
31.523,9.755,4.624,-3.582,-4.426,9.208,2.756,0.665,-1.161,0.641,1
41.278,4.624,-3.582,-4.426,9.208,2.756,0.665,-1.161,0.641,-10.621,1
45.902,-3.582,-4.426,9.208,2.756,0.665,-1.161,0.641,-10.621,6.317,1
42.32,-4.426,9.208,2.756,0.665,-1.161,0.641,-10.621,6.317,-1.7,1
37.894,9.208,2.756,0.665,-1.161,0.641,-10.621,6.317,-1.7,4.522,1
47.102,2.756,0.665,-1.161,0.641,-10.621,6.317,-1.7,4.522,-11.796,1
49.858,0.665,-1.161,0.641,-10.621,6.317,-1.7,4.522,-11.796,13.57,1
50.523,-1.161,0.641,-10.621,6.317,-1.7,4.522,-11.796,13.57,-1.371,1
49.362,0.641,-10.621,6.317,-1.7,4.522,-11.796,13.57,-1.371,0.788,1
50.003,-10.621,6.317,-1.7,4.522,-11.796,13.57,-1.371,0.788,0.892,1
39.382,6.317,-1.7,4.522,-11.796,13.57,-1.371,0.788,0.892,-3.105,1
45.699,-1.7,4.522,-11.796,13.57,-1.371,0.788,0.892,-3.105,2.444,1
43.999,4.522,-11.796,13.57,-1.371,0.788,0.892,-3.105,2.444,-21.591,1
48.521,-11.796,13.57,-1.371,0.788,0.892,-3.105,2.444,-21.591,4.428,1
36.725,13.57,-1.371,0.788,0.892,-3.105,2.444,-21.591,4.428,-26.179,1
50.295,-1.371,0.788,0.892,-3.105,2.444,-21.591,4.428,-26.179,-3.388,1
48.924,0.788,0.892,-3.105,2.444,-21.591,4.428,-26.179,-3.388,-3.205,1
49.712,0.892,-3.105,2.444,-21.591,4.428,-26.179,-3.388,-3.205,0.007,1
50.604,-3.105,2.444,-21.591,4.428,-26.179,-3.388,-3.205,0.007,27.794,1
47.499,2.444,-21.591,4.428,-26.179,-3.388,-3.205,0.007,27.794,8.705,1
49.943,-21.591,4.428,-26.179,-3.388,-3.205,0.007,27.794,8.705,-4.893,1
28.352,4.428,-26.179,-3.388,-3.205,0.007,27.794,8.705,-4.893,-31.621,0
32.78,-26.179,-3.388,-3.205,0.007,27.794,8.705,-4.893,-31.621,0.477,0
6.601,-3.388,-3.205,0.007,27.794,8.705,-4.893,-31.621,0.477,0.115,0
3.213,-3.205,0.007,27.794,8.705,-4.893,-31.621,0.477,0.115,1.235,0
0.008,0.007,27.794,8.705,-4.893,-31.621,0.477,0.115,1.235,0.278,0
0.015,27.794,8.705,-4.893,-31.621,0.477,0.115,1.235,0.278,0.253,0
27.809,8.705,-4.893,-31.621,0.477,0.115,1.235,0.278,0.253,0.739,0
36.514,-4.893,-31.621,0.477,0.115,1.235,0.278,0.253,0.739,1.722,0
31.621,-31.621,0.477,0.115,1.235,0.278,0.253,0.739,1.722,-0.629,0
0,0.477,0.115,1.235,0.278,0.253,0.739,1.722,-0.629,0.455,0
0.477,0.115,1.235,0.278,0.253,0.739,1.722,-0.629,0.455,0.532,0
0.592,1.235,0.278,0.253,0.739,1.722,-0.629,0.455,0.532,2.92,0
1.827,0.278,0.253,0.739,1.722,-0.629,0.455,0.532,2.92,-1.358,1
2.105,0.253,0.739,1.722,-0.629,0.455,0.532,2.92,-1.358,0.132,1
2.358,0.739,1.722,-0.629,0.455,0.532,2.92,-1.358,0.132,0.665,1
3.097,1.722,-0.629,0.455,0.532,2.92,-1.358,0.132,0.665,2.08,1
4.819,-0.629,0.455,0.532,2.92,-1.358,0.132,0.665,2.08,0.883,1
4.19,0.455,0.532,2.92,-1.358,0.132,0.665,2.08,0.883,-1.828,1
4.645,0.532,2.92,-1.358,0.132,0.665,2.08,0.883,-1.828,0.812,1
5.177,2.92,-1.358,0.132,0.665,2.08,0.883,-1.828,0.812,1.924,1
8.097,-1.358,0.132,0.665,2.08,0.883,-1.828,0.812,1.924,2.491,1
6.739,0.132,0.665,2.08,0.883,-1.828,0.812,1.924,2.491,-2.153,1
6.871,0.665,2.08,0.883,-1.828,0.812,1.924,2.491,-2.153,-0.229,1
7.536,2.08,0.883,-1.828,0.812,1.924,2.491,-2.153,-0.229,0.846,1
9.616,0.883,-1.828,0.812,1.924,2.491,-2.153,-0.229,0.846,5.733,1
10.499,-1.828,0.812,1.924,2.491,-2.153,-0.229,0.846,5.733,-4.172,1
8.671,0.812,1.924,2.491,-2.153,-0.229,0.846,5.733,-4.172,0.145,1
9.483,1.924,2.491,-2.153,-0.229,0.846,5.733,-4.172,0.145,0.746,1
11.407,2.491,-2.153,-0.229,0.846,5.733,-4.172,0.145,0.746,4.637,1
13.898,-2.153,-0.229,0.846,5.733,-4.172,0.145,0.746,4.637,-1.464,1
11.745,-0.229,0.846,5.733,-4.172,0.145,0.746,4.637,-1.464,-1.162,1
11.516,0.846,5.733,-4.172,0.145,0.746,4.637,-1.464,-1.162,-0.592,1
12.362,5.733,-4.172,0.145,0.746,4.637,-1.464,-1.162,-0.592,3.834,1
18.095,-4.172,0.145,0.746,4.637,-1.464,-1.162,-0.592,3.834,16.989,1
13.923,0.145,0.746,4.637,-1.464,-1.162,-0.592,3.834,16.989,11.499,1
14.068,0.746,4.637,-1.464,-1.162,-0.592,3.834,16.989,11.499,-0.657,1
14.814,4.637,-1.464,-1.162,-0.592,3.834,16.989,11.499,-0.657,0.445,1
19.451,-1.464,-1.162,-0.592,3.834,16.989,11.499,-0.657,0.445,0.439,1
17.987,-1.162,-0.592,3.834,16.989,11.499,-0.657,0.445,0.439,-1.64,1
16.825,-0.592,3.834,16.989,11.499,-0.657,0.445,0.439,-1.64,3.052,1
16.233,3.834,16.989,11.499,-0.657,0.445,0.439,-1.64,3.052,-0.542,1
20.067,16.989,11.499,-0.657,0.445,0.439,-1.64,3.052,-0.542,0.034,1
37.056,11.499,-0.657,0.445,0.439,-1.64,3.052,-0.542,0.034,-0.156,1
48.555,-0.657,0.445,0.439,-1.64,3.052,-0.542,0.034,-0.156,-2.557,1
47.898,0.445,0.439,-1.64,3.052,-0.542,0.034,-0.156,-2.557,2.005,1
48.343,0.439,-1.64,3.052,-0.542,0.034,-0.156,-2.557,2.005,0.5,1
48.782,-1.64,3.052,-0.542,0.034,-0.156,-2.557,2.005,0.5,0.038,1
47.142,3.052,-0.542,0.034,-0.156,-2.557,2.005,0.5,0.038,-0.131,1
50.194,-0.542,0.034,-0.156,-2.557,2.005,0.5,0.038,-0.131,0.248,1
49.652,0.034,-0.156,-2.557,2.005,0.5,0.038,-0.131,0.248,-0.7,1
49.686,-0.156,-2.557,2.005,0.5,0.038,-0.131,0.248,-0.7,-0.771,1
49.53,-2.557,2.005,0.5,0.038,-0.131,0.248,-0.7,-0.771,0.837,1
46.973,2.005,0.5,0.038,-0.131,0.248,-0.7,-0.771,0.837,-6.246,1
48.978,0.5,0.038,-0.131,0.248,-0.7,-0.771,0.837,-6.246,-1.259,1
49.478,0.038,-0.131,0.248,-0.7,-0.771,0.837,-6.246,-1.259,6.128,1
49.516,-0.131,0.248,-0.7,-0.771,0.837,-6.246,-1.259,6.128,-11.472,1
49.385,0.248,-0.7,-0.771,0.837,-6.246,-1.259,6.128,-11.472,-8.353,1
49.633,-0.7,-0.771,0.837,-6.246,-1.259,6.128,-11.472,-8.353,19.603,1
48.933,-0.771,0.837,-6.246,-1.259,6.128,-11.472,-8.353,19.603,2.316,1
48.162,0.837,-6.246,-1.259,6.128,-11.472,-8.353,19.603,2.316,-1.472,1
48.999,-6.246,-1.259,6.128,-11.472,-8.353,19.603,2.316,-1.472,0.311,1
42.753,-1.259,6.128,-11.472,-8.353,19.603,2.316,-1.472,0.311,-0.61,1
41.494,6.128,-11.472,-8.353,19.603,2.316,-1.472,0.311,-0.61,1.85,1
47.622,-11.472,-8.353,19.603,2.316,-1.472,0.311,-0.61,1.85,-3.227,1
36.15,-8.353,19.603,2.316,-1.472,0.311,-0.61,1.85,-3.227,1.871,1
27.797,19.603,2.316,-1.472,0.311,-0.61,1.85,-3.227,1.871,-11.657,1
47.4,2.316,-1.472,0.311,-0.61,1.85,-3.227,1.871,-11.657,12.333,1
49.716,-1.472,0.311,-0.61,1.85,-3.227,1.871,-11.657,12.333,-0.531,1
48.244,0.311,-0.61,1.85,-3.227,1.871,-11.657,12.333,-0.531,0.998,1
48.555,-0.61,1.85,-3.227,1.871,-11.657,12.333,-0.531,0.998,-2.417,1
47.945,1.85,-3.227,1.871,-11.657,12.333,-0.531,0.998,-2.417,0.71,1
49.795,-3.227,1.871,-11.657,12.333,-0.531,0.998,-2.417,0.71,1.094,1
46.568,1.871,-11.657,12.333,-0.531,0.998,-2.417,0.71,1.094,0.497,1
48.439,-11.657,12.333,-0.531,0.998,-2.417,0.71,1.094,0.497,0.51,1
36.782,12.333,-0.531,0.998,-2.417,0.71,1.094,0.497,0.51,-4.975,1
49.115,-0.531,0.998,-2.417,0.71,1.094,0.497,0.51,-4.975,1.524,1
48.584,0.998,-2.417,0.71,1.094,0.497,0.51,-4.975,1.524,-4.771,1
49.582,-2.417,0.71,1.094,0.497,0.51,-4.975,1.524,-4.771,2.203,1
47.165,0.71,1.094,0.497,0.51,-4.975,1.524,-4.771,2.203,-5.155,1
47.875,1.094,0.497,0.51,-4.975,1.524,-4.771,2.203,-5.155,-38.79,1
48.969,0.497,0.51,-4.975,1.524,-4.771,2.203,-5.155,-38.79,0.006,1
49.466,0.51,-4.975,1.524,-4.771,2.203,-5.155,-38.79,0.006,14.963,1
49.976,-4.975,1.524,-4.771,2.203,-5.155,-38.79,0.006,14.963,32.879,1
45.001,1.524,-4.771,2.203,-5.155,-38.79,0.006,14.963,32.879,-23.035,1
46.525,-4.771,2.203,-5.155,-38.79,0.006,14.963,32.879,-23.035,-13.348,1
41.754,2.203,-5.155,-38.79,0.006,14.963,32.879,-23.035,-13.348,-3.675,1
43.957,-5.155,-38.79,0.006,14.963,32.879,-23.035,-13.348,-3.675,-7.78,1
38.802,-38.79,0.006,14.963,32.879,-23.035,-13.348,-3.675,-7.78,-0.022,0
0.012,0.006,14.963,32.879,-23.035,-13.348,-3.675,-7.78,-0.022,0,0
0.018,14.963,32.879,-23.035,-13.348,-3.675,-7.78,-0.022,0,0.911,0
14.981,32.879,-23.035,-13.348,-3.675,-7.78,-0.022,0,0.911,-0.113,0
47.86,-23.035,-13.348,-3.675,-7.78,-0.022,0,0.911,-0.113,0.678,0
24.825,-13.348,-3.675,-7.78,-0.022,0,0.911,-0.113,0.678,1.596,0
11.477,-3.675,-7.78,-0.022,0,0.911,-0.113,0.678,1.596,-0.123,0
7.802,-7.78,-0.022,0,0.911,-0.113,0.678,1.596,-0.123,0.341,0
0.022,-0.022,0,0.911,-0.113,0.678,1.596,-0.123,0.341,0.436,0
0,0,0.911,-0.113,0.678,1.596,-0.123,0.341,0.436,1.826,0
0,0.911,-0.113,0.678,1.596,-0.123,0.341,0.436,1.826,0.133,0
0.911,-0.113,0.678,1.596,-0.123,0.341,0.436,1.826,0.133,-0.145,0
0.798,0.678,1.596,-0.123,0.341,0.436,1.826,0.133,-0.145,0.471,0
1.476,1.596,-0.123,0.341,0.436,1.826,0.133,-0.145,0.471,1.574,1
3.072,-0.123,0.341,0.436,1.826,0.133,-0.145,0.471,1.574,1.45,1
2.949,0.341,0.436,1.826,0.133,-0.145,0.471,1.574,1.45,-1.145,1
3.29,0.436,1.826,0.133,-0.145,0.471,1.574,1.45,-1.145,0.211,1
3.726,1.826,0.133,-0.145,0.471,1.574,1.45,-1.145,0.211,0.971,1
5.552,0.133,-0.145,0.471,1.574,1.45,-1.145,0.211,0.971,3.835,1
5.685,-0.145,0.471,1.574,1.45,-1.145,0.211,0.971,3.835,-2.626,1
5.54,0.471,1.574,1.45,-1.145,0.211,0.971,3.835,-2.626,0.425,1
6.011,1.574,1.45,-1.145,0.211,0.971,3.835,-2.626,0.425,0.398,1
7.585,1.45,-1.145,0.211,0.971,3.835,-2.626,0.425,0.398,3.629,1
9.035,-1.145,0.211,0.971,3.835,-2.626,0.425,0.398,3.629,-0.859,1
7.89,0.211,0.971,3.835,-2.626,0.425,0.398,3.629,-0.859,-1.161,1
8.101,0.971,3.835,-2.626,0.425,0.398,3.629,-0.859,-1.161,0.387,1
9.072,3.835,-2.626,0.425,0.398,3.629,-0.859,-1.161,0.387,2.888,1
12.907,-2.626,0.425,0.398,3.629,-0.859,-1.161,0.387,2.888,2.107,1
10.281,0.425,0.398,3.629,-0.859,-1.161,0.387,2.888,2.107,-3.096,1
10.706,0.398,3.629,-0.859,-1.161,0.387,2.888,2.107,-3.096,0.291,1
11.104,3.629,-0.859,-1.161,0.387,2.888,2.107,-3.096,0.291,1.269,1
14.733,-0.859,-1.161,0.387,2.888,2.107,-3.096,0.291,1.269,11.643,1
13.874,-1.161,0.387,2.888,2.107,-3.096,0.291,1.269,11.643,20.14,1
12.713,0.387,2.888,2.107,-3.096,0.291,1.269,11.643,20.14,-2.51,1
13.1,2.888,2.107,-3.096,0.291,1.269,11.643,20.14,-2.51,2.839,1
15.988,2.107,-3.096,0.291,1.269,11.643,20.14,-2.51,2.839,-0.511,1
18.095,-3.096,0.291,1.269,11.643,20.14,-2.51,2.839,-0.511,0.89,1
14.999,0.291,1.269,11.643,20.14,-2.51,2.839,-0.511,0.89,-6.098,1
15.29,1.269,11.643,20.14,-2.51,2.839,-0.511,0.89,-6.098,-17.265,1
16.559,11.643,20.14,-2.51,2.839,-0.511,0.89,-6.098,-17.265,21.51,1
28.202,20.14,-2.51,2.839,-0.511,0.89,-6.098,-17.265,21.51,-14.919,1
48.342,-2.51,2.839,-0.511,0.89,-6.098,-17.265,21.51,-14.919,13.583,1
45.832,2.839,-0.511,0.89,-6.098,-17.265,21.51,-14.919,13.583,-10.62,1
48.671,-0.511,0.89,-6.098,-17.265,21.51,-14.919,13.583,-10.62,13.5,1
48.16,0.89,-6.098,-17.265,21.51,-14.919,13.583,-10.62,13.5,1.818,1
49.05,-6.098,-17.265,21.51,-14.919,13.583,-10.62,13.5,1.818,-0.443,1
42.952,-17.265,21.51,-14.919,13.583,-10.62,13.5,1.818,-0.443,-2.573,1
25.687,21.51,-14.919,13.583,-10.62,13.5,1.818,-0.443,-2.573,1.65,1
47.197,-14.919,13.583,-10.62,13.5,1.818,-0.443,-2.573,1.65,0.668,1
32.278,13.583,-10.62,13.5,1.818,-0.443,-2.573,1.65,0.668,0.3,1
45.861,-10.62,13.5,1.818,-0.443,-2.573,1.65,0.668,0.3,-4.287,1
35.241,13.5,1.818,-0.443,-2.573,1.65,0.668,0.3,-4.287,1.727,1
48.741,1.818,-0.443,-2.573,1.65,0.668,0.3,-4.287,1.727,2.793,1
50.559,-0.443,-2.573,1.65,0.668,0.3,-4.287,1.727,2.793,-3.495,1
50.116,-2.573,1.65,0.668,0.3,-4.287,1.727,2.793,-3.495,2,1
47.543,1.65,0.668,0.3,-4.287,1.727,2.793,-3.495,2,-10.99,1
49.193,0.668,0.3,-4.287,1.727,2.793,-3.495,2,-10.99,12.598,1
49.861,0.3,-4.287,1.727,2.793,-3.495,2,-10.99,12.598,-10.027,1
50.161,-4.287,1.727,2.793,-3.495,2,-10.99,12.598,-10.027,9.058,1
45.874,1.727,2.793,-3.495,2,-10.99,12.598,-10.027,9.058,0.883,1
47.601,2.793,-3.495,2,-10.99,12.598,-10.027,9.058,0.883,-10.273,1
50.394,-3.495,2,-10.99,12.598,-10.027,9.058,0.883,-10.273,7.1,1
46.899,2,-10.99,12.598,-10.027,9.058,0.883,-10.273,7.1,-12.844,1
48.899,-10.99,12.598,-10.027,9.058,0.883,-10.273,7.1,-12.844,9.258,1
37.909,12.598,-10.027,9.058,0.883,-10.273,7.1,-12.844,9.258,2.01,1
50.507,-10.027,9.058,0.883,-10.273,7.1,-12.844,9.258,2.01,4.728,1
40.48,9.058,0.883,-10.273,7.1,-12.844,9.258,2.01,4.728,-3.478,1
49.538,0.883,-10.273,7.1,-12.844,9.258,2.01,4.728,-3.478,-1.031,1
50.421,-10.273,7.1,-12.844,9.258,2.01,4.728,-3.478,-1.031,1.923,1
40.148,7.1,-12.844,9.258,2.01,4.728,-3.478,-1.031,1.923,0.306,1
47.248,-12.844,9.258,2.01,4.728,-3.478,-1.031,1.923,0.306,1.996,1
34.404,9.258,2.01,4.728,-3.478,-1.031,1.923,0.306,1.996,-1.721,1
43.662,2.01,4.728,-3.478,-1.031,1.923,0.306,1.996,-1.721,0.041,1
45.672,4.728,-3.478,-1.031,1.923,0.306,1.996,-1.721,0.041,1.378,1
50.4,-3.478,-1.031,1.923,0.306,1.996,-1.721,0.041,1.378,0.469,1
46.922,-1.031,1.923,0.306,1.996,-1.721,0.041,1.378,0.469,-4.308,1
45.891,1.923,0.306,1.996,-1.721,0.041,1.378,0.469,-4.308,-10.589,1
47.814,0.306,1.996,-1.721,0.041,1.378,0.469,-4.308,-10.589,3.297,1
48.12,1.996,-1.721,0.041,1.378,0.469,-4.308,-10.589,3.297,7.488,1
50.116,-1.721,0.041,1.378,0.469,-4.308,-10.589,3.297,7.488,-10.687,1
48.395,0.041,1.378,0.469,-4.308,-10.589,3.297,7.488,-10.687,-10.541,1
48.436,1.378,0.469,-4.308,-10.589,3.297,7.488,-10.687,-10.541,2.673,1
49.814,0.469,-4.308,-10.589,3.297,7.488,-10.687,-10.541,2.673,-21.48,1
50.283,-4.308,-10.589,3.297,7.488,-10.687,-10.541,2.673,-21.48,12.123,1
45.975,-10.589,3.297,7.488,-10.687,-10.541,2.673,-21.48,12.123,-7.885,1
35.386,3.297,7.488,-10.687,-10.541,2.673,-21.48,12.123,-7.885,-10.374,1
38.683,7.488,-10.687,-10.541,2.673,-21.48,12.123,-7.885,-10.374,0,1
46.171,-10.687,-10.541,2.673,-21.48,12.123,-7.885,-10.374,0,0,1
35.484,-10.541,2.673,-21.48,12.123,-7.885,-10.374,0,0,0,0
24.943,2.673,-21.48,12.123,-7.885,-10.374,0,0,0,0.608,0
27.616,-21.48,12.123,-7.885,-10.374,0,0,0,0.608,-0.075,0
6.136,12.123,-7.885,-10.374,0,0,0,0.608,-0.075,1.499,0
18.259,-7.885,-10.374,0,0,0,0.608,-0.075,1.499,0.251,0
10.374,-10.374,0,0,0,0.608,-0.075,1.499,0.251,0.366,0
0,0,0,0,0.608,-0.075,1.499,0.251,0.366,0.436,0
0,0,0,0.608,-0.075,1.499,0.251,0.366,0.436,1.39,0
0,0,0.608,-0.075,1.499,0.251,0.366,0.436,1.39,0.642,0
0,0.608,-0.075,1.499,0.251,0.366,0.436,1.39,0.642,-0.218,0
0.608,-0.075,1.499,0.251,0.366,0.436,1.39,0.642,-0.218,0.314,0
0.533,1.499,0.251,0.366,0.436,1.39,0.642,-0.218,0.314,1.295,0
2.032,0.251,0.366,0.436,1.39,0.642,-0.218,0.314,1.295,1.814,0
2.283,0.366,0.436,1.39,0.642,-0.218,0.314,1.295,1.814,-1.028,0
2.649,0.436,1.39,0.642,-0.218,0.314,1.295,1.814,-1.028,0.081,1
3.085,1.39,0.642,-0.218,0.314,1.295,1.814,-1.028,0.081,0.778,1
4.475,0.642,-0.218,0.314,1.295,1.814,-1.028,0.081,0.778,4.088,1
5.117,-0.218,0.314,1.295,1.814,-1.028,0.081,0.778,4.088,-2.637,1
4.899,0.314,1.295,1.814,-1.028,0.081,0.778,4.088,-2.637,0.303,1
5.213,1.295,1.814,-1.028,0.081,0.778,4.088,-2.637,0.303,0.399,1
6.508,1.814,-1.028,0.081,0.778,4.088,-2.637,0.303,0.399,3.217,1
8.322,-1.028,0.081,0.778,4.088,-2.637,0.303,0.399,3.217,0.146,1
7.294,0.081,0.778,4.088,-2.637,0.303,0.399,3.217,0.146,-2.323,1
7.375,0.778,4.088,-2.637,0.303,0.399,3.217,0.146,-2.323,1.319,1
8.153,4.088,-2.637,0.303,0.399,3.217,0.146,-2.323,1.319,2.258,1
12.241,-2.637,0.303,0.399,3.217,0.146,-2.323,1.319,2.258,2.399,1
9.604,0.303,0.399,3.217,0.146,-2.323,1.319,2.258,2.399,-2.879,1
9.907,0.399,3.217,0.146,-2.323,1.319,2.258,2.399,-2.879,0.652,1
10.306,3.217,0.146,-2.323,1.319,2.258,2.399,-2.879,0.652,-0.084,1
13.523,0.146,-2.323,1.319,2.258,2.399,-2.879,0.652,-0.084,7.428,1
13.669,-2.323,1.319,2.258,2.399,-2.879,0.652,-0.084,7.428,-3.933,1
11.346,1.319,2.258,2.399,-2.879,0.652,-0.084,7.428,-3.933,29.031,1
12.665,2.258,2.399,-2.879,0.652,-0.084,7.428,-3.933,29.031,0.92,1
14.923,2.399,-2.879,0.652,-0.084,7.428,-3.933,29.031,0.92,0.858,1
17.322,-2.879,0.652,-0.084,7.428,-3.933,29.031,0.92,0.858,0.707,1
14.443,0.652,-0.084,7.428,-3.933,29.031,0.92,0.858,0.707,0.556,1
15.095,-0.084,7.428,-3.933,29.031,0.92,0.858,0.707,0.556,-2.887,1
15.011,7.428,-3.933,29.031,0.92,0.858,0.707,0.556,-2.887,-8.292,1
22.439,-3.933,29.031,0.92,0.858,0.707,0.556,-2.887,-8.292,10.466,1
18.506,29.031,0.92,0.858,0.707,0.556,-2.887,-8.292,10.466,-2.095,1
47.537,0.92,0.858,0.707,0.556,-2.887,-8.292,10.466,-2.095,-5.58,1
48.457,0.858,0.707,0.556,-2.887,-8.292,10.466,-2.095,-5.58,-15.376,1
49.315,0.707,0.556,-2.887,-8.292,10.466,-2.095,-5.58,-15.376,10.428,1
50.022,0.556,-2.887,-8.292,10.466,-2.095,-5.58,-15.376,10.428,3.547,1
50.578,-2.887,-8.292,10.466,-2.095,-5.58,-15.376,10.428,3.547,-11.564,1
47.691,-8.292,10.466,-2.095,-5.58,-15.376,10.428,3.547,-11.564,-1.459,1
39.399,10.466,-2.095,-5.58,-15.376,10.428,3.547,-11.564,-1.459,18.42,1
49.865,-2.095,-5.58,-15.376,10.428,3.547,-11.564,-1.459,18.42,-2.649,1
47.77,-5.58,-15.376,10.428,3.547,-11.564,-1.459,18.42,-2.649,3.151,1
42.19,-15.376,10.428,3.547,-11.564,-1.459,18.42,-2.649,3.151,1.111,1
26.814,10.428,3.547,-11.564,-1.459,18.42,-2.649,3.151,1.111,1.943,1
37.242,3.547,-11.564,-1.459,18.42,-2.649,3.151,1.111,1.943,-9.053,1
40.789,-11.564,-1.459,18.42,-2.649,3.151,1.111,1.943,-9.053,-4.185,1
29.225,-1.459,18.42,-2.649,3.151,1.111,1.943,-9.053,-4.185,12.435,1
27.766,18.42,-2.649,3.151,1.111,1.943,-9.053,-4.185,12.435,1.486,1
46.186,-2.649,3.151,1.111,1.943,-9.053,-4.185,12.435,1.486,-0.357,1
43.537,3.151,1.111,1.943,-9.053,-4.185,12.435,1.486,-0.357,-0.891,1
46.688,1.111,1.943,-9.053,-4.185,12.435,1.486,-0.357,-0.891,-1.42,1
47.799,1.943,-9.053,-4.185,12.435,1.486,-0.357,-0.891,-1.42,0.942,1
49.742,-9.053,-4.185,12.435,1.486,-0.357,-0.891,-1.42,0.942,1.032,1
40.689,-4.185,12.435,1.486,-0.357,-0.891,-1.42,0.942,1.032,0.719,1
36.504,12.435,1.486,-0.357,-0.891,-1.42,0.942,1.032,0.719,-1.09,1
48.939,1.486,-0.357,-0.891,-1.42,0.942,1.032,0.719,-1.09,-0.345,1
50.425,-0.357,-0.891,-1.42,0.942,1.032,0.719,-1.09,-0.345,0.397,1
50.068,-0.891,-1.42,0.942,1.032,0.719,-1.09,-0.345,0.397,0.118,1
49.177,-1.42,0.942,1.032,0.719,-1.09,-0.345,0.397,0.118,-2.323,1
47.757,0.942,1.032,0.719,-1.09,-0.345,0.397,0.118,-2.323,1.274,1
48.699,1.032,0.719,-1.09,-0.345,0.397,0.118,-2.323,1.274,1.458,1
49.731,0.719,-1.09,-0.345,0.397,0.118,-2.323,1.274,1.458,-1.293,1
50.45,-1.09,-0.345,0.397,0.118,-2.323,1.274,1.458,-1.293,-0.463,1
49.36,-0.345,0.397,0.118,-2.323,1.274,1.458,-1.293,-0.463,-0.034,1
49.015,0.397,0.118,-2.323,1.274,1.458,-1.293,-0.463,-0.034,-4.118,1
49.412,0.118,-2.323,1.274,1.458,-1.293,-0.463,-0.034,-4.118,5.435,1
49.53,-2.323,1.274,1.458,-1.293,-0.463,-0.034,-4.118,5.435,-4.682,1
47.207,1.274,1.458,-1.293,-0.463,-0.034,-4.118,5.435,-4.682,-3.692,1
48.481,1.458,-1.293,-0.463,-0.034,-4.118,5.435,-4.682,-3.692,6.325,1
49.939,-1.293,-0.463,-0.034,-4.118,5.435,-4.682,-3.692,6.325,1.302,1
48.646,-0.463,-0.034,-4.118,5.435,-4.682,-3.692,6.325,1.302,0.601,1
48.183,-0.034,-4.118,5.435,-4.682,-3.692,6.325,1.302,0.601,-1.657,1
48.149,-4.118,5.435,-4.682,-3.692,6.325,1.302,0.601,-1.657,-15.449,1
44.031,5.435,-4.682,-3.692,6.325,1.302,0.601,-1.657,-15.449,-24.579,1
49.466,-4.682,-3.692,6.325,1.302,0.601,-1.657,-15.449,-24.579,4.724,1
44.784,-3.692,6.325,1.302,0.601,-1.657,-15.449,-24.579,4.724,-12.359,1
41.092,6.325,1.302,0.601,-1.657,-15.449,-24.579,4.724,-12.359,0,1
47.417,1.302,0.601,-1.657,-15.449,-24.579,4.724,-12.359,0,0,1
48.719,0.601,-1.657,-15.449,-24.579,4.724,-12.359,0,0,0,1
49.32,-1.657,-15.449,-24.579,4.724,-12.359,0,0,0,0,1
47.663,-15.449,-24.579,4.724,-12.359,0,0,0,0,0,1
32.214,-24.579,4.724,-12.359,0,0,0,0,0,0.293,0
7.635,4.724,-12.359,0,0,0,0,0,0.293,0.482,0
12.359,-12.359,0,0,0,0,0,0.293,0.482,0.737,0
0,0,0,0,0,0,0.293,0.482,0.737,0.456,0
0,0,0,0,0,0.293,0.482,0.737,0.456,0.355,0
0,0,0,0,0.293,0.482,0.737,0.456,0.355,1.269,0
0,0,0,0.293,0.482,0.737,0.456,0.355,1.269,0.654,0
0,0,0.293,0.482,0.737,0.456,0.355,1.269,0.654,-0.061,0
0,0.293,0.482,0.737,0.456,0.355,1.269,0.654,-0.061,0.17,0
0.293,0.482,0.737,0.456,0.355,1.269,0.654,-0.061,0.17,1.415,0
0.775,0.737,0.456,0.355,1.269,0.654,-0.061,0.17,1.415,1.524,0
0.0,0.0,0.0,0.0,0.0,0.0,0.0,0.0,0.0,0.0,0
0.0,0.0,0.0,0.0,0.0,0.0,0.0,0.0,0.0,0.0,0
0.0,0.0,0.0,0.0,0.0,0.0,0.0,0.0,0.0,0.0,0
0.0,0.0,0.0,0.0,0.0,0.0,0.0,0.0,0.0,0.0,0
0.0,0.0,0.0,0.0,0.0,0.0,0.0,0.0,0.0,0.0,0
0.0,0.0,0.0,0.0,0.0,0.0,0.0,0.0,0.0,0.0,0
0.0,0.0,0.0,0.0,0.0,0.0,0.0,0.0,0.0,0.0,0
0.0,0.0,0.0,0.0,0.0,0.0,0.0,0.0,0.0,0.001,0
0.0,0.0,0.0,0.0,0.0,0.0,0.0,0.0,0.001,-0.001,0
0.0,0.0,0.0,0.0,0.0,0.0,0.0,0.001,-0.001,0.0,0
0.0,0.0,0.0,0.0,0.0,0.0,0.001,-0.001,0.0,0.0,0
0.0,0.0,0.0,0.0,0.0,0.001,-0.001,0.0,0.0,0.0,0
0.0,0.0,0.0,0.0,0.001,-0.001,0.0,0.0,0.0,0.002,0
0.0,0.0,0.0,0.001,-0.001,0.0,0.0,0.0,0.002,-0.002,0
0.0,0.0,0.001,-0.001,0.0,0.0,0.0,0.002,-0.002,0.0,0
0.0,0.001,-0.001,0.0,0.0,0.0,0.002,-0.002,0.0,0.0,0
0.001,-0.001,0.0,0.0,0.0,0.002,-0.002,0.0,0.0,0.0,0
0.0,0.0,0.0,0.0,0.002,-0.002,0.0,0.0,0.0,0.0,0
0.0,0.0,0.0,0.002,-0.002,0.0,0.0,0.0,0.0,0.0,0
0.0,0.0,0.002,-0.002,0.0,0.0,0.0,0.0,0.0,0.0,0
0.0,0.002,-0.002,0.0,0.0,0.0,0.0,0.0,0.0,0.0,0
0.002,-0.002,0.0,0.0,0.0,0.0,0.0,0.0,0.0,0.0,0
0.0,0.0,0.0,0.0,0.0,0.0,0.0,0.0,0.0,0.0,0
0.0,0.0,0.0,0.0,0.0,0.0,0.0,0.0,0.0,0.0,0
0.0,0.0,0.0,0.0,0.0,0.0,0.0,0.0,0.0,0.0,0
0.0,0.0,0.0,0.0,0.0,0.0,0.0,0.0,0.0,0.0,0
0.0,0.0,0.0,0.0,0.0,0.0,0.0,0.0,0.0,0.0,0
0.0,0.0,0.0,0.0,0.0,0.0,0.0,0.0,0.0,0.0,0
0.0,0.0,0.0,0.0,0.0,0.0,0.0,0.0,0.0,0.0,0
0.0,0.0,0.0,0.0,0.0,0.0,0.0,0.0,0.0,0.0,0
0.0,0.0,0.0,0.0,0.0,0.0,0.0,0.0,0.0,0.0,0
0.0,0.0,0.0,0.0,0.0,0.0,0.0,0.0,0.0,0.0,0
0.0,0.0,0.0,0.0,0.0,0.0,0.0,0.0,0.0,0.0,0
0.0,0.0,0.0,0.0,0.0,0.0,0.0,0.0,0.0,0.0,0
0.0,0.0,0.0,0.0,0.0,0.0,0.0,0.0,0.0,0.0,0
0.0,0.0,0.0,0.0,0.0,0.0,0.0,0.0,0.0,0.0,0
0.0,0.0,0.0,0.0,0.0,0.0,0.0,0.0,0.0,0.0,0
0.0,0.0,0.0,0.0,0.0,0.0,0.0,0.0,0.0,0.0,0
0.0,0.0,0.0,0.0,0.0,0.0,0.0,0.0,0.0,0.0,0
0.0,0.0,0.0,0.0,0.0,0.0,0.0,0.0,0.0,0.0,0
0.0,0.0,0.0,0.0,0.0,0.0,0.0,0.0,0.0,0.0,0
0.0,0.0,0.0,0.0,0.0,0.0,0.0,0.0,0.0,0.0,0
0.0,0.0,0.0,0.0,0.0,0.0,0.0,0.0,0.0,0.0,0
0.0,0.0,0.0,0.0,0.0,0.0,0.0,0.0,0.0,0.0,0
0.0,0.0,0.0,0.0,0.0,0.0,0.0,0.0,0.0,0.0,0
0.0,0.0,0.0,0.0,0.0,0.0,0.0,0.0,0.0,0.0,0
0.0,0.0,0.0,0.0,0.0,0.0,0.0,0.0,0.0,0.0,0
0.0,0.0,0.0,0.0,0.0,0.0,0.0,0.0,0.0,0.0,0
0.0,0.0,0.0,0.0,0.0,0.0,0.0,0.0,0.0,0.0,0
0.0,0.0,0.0,0.0,0.0,0.0,0.0,0.0,0.0,0.0,0
0.0,0.0,0.0,0.0,0.0,0.0,0.0,0.0,0.0,0.0,0
0.0,0.0,0.0,0.0,0.0,0.0,0.0,0.0,0.0,0.0,0
0.0,0.0,0.0,0.0,0.0,0.0,0.0,0.0,0.0,0.0,0
0.0,0.0,0.0,0.0,0.0,0.0,0.0,0.0,0.0,0.0,0
0.0,0.0,0.0,0.0,0.0,0.0,0.0,0.0,0.0,0.0,0
0.0,0.0,0.0,0.0,0.0,0.0,0.0,0.0,0.0,0.0,0
0.0,0.0,0.0,0.0,0.0,0.0,0.0,0.0,0.0,0.0,0
0.0,0.0,0.0,0.0,0.0,0.0,0.0,0.0,0.0,0.0,0
0.0,0.0,0.0,0.0,0.0,0.0,0.0,0.0,0.0,0.0,0
0.0,0.0,0.0,0.0,0.0,0.0,0.0,0.0,0.0,0.0,0
0.0,0.0,0.0,0.0,0.0,0.0,0.0,0.0,0.0,0.0,0
0.0,0.0,0.0,0.0,0.0,0.0,0.0,0.0,0.0,0.0,0
0.0,0.0,0.0,0.0,0.0,0.0,0.0,0.0,0.0,0.0,0
0.0,0.0,0.0,0.0,0.0,0.0,0.0,0.0,0.0,0.0,0
0.0,0.0,0.0,0.0,0.0,0.0,0.0,0.0,0.0,0.0,0
0.0,0.0,0.0,0.0,0.0,0.0,0.0,0.0,0.0,0.0,0
0.0,0.0,0.0,0.0,0.0,0.0,0.0,0.0,0.0,0.0,0
0.0,0.0,0.0,0.0,0.0,0.0,0.0,0.0,0.0,0.0,0
0.0,0.0,0.0,0.0,0.0,0.0,0.0,0.0,0.0,0.0,0
0.0,0.0,0.0,0.0,0.0,0.0,0.0,0.0,0.0,0.0,0
0.0,0.0,0.0,0.0,0.0,0.0,0.0,0.0,0.0,0.0,0
0.0,0.0,0.0,0.0,0.0,0.0,0.0,0.0,0.0,0.0,0
0.0,0.0,0.0,0.0,0.0,0.0,0.0,0.0,0.0,0.0,0
0.0,0.0,0.0,0.0,0.0,0.0,0.0,0.0,0.0,0.0,0
0.0,0.0,0.0,0.0,0.0,0.0,0.0,0.0,0.0,0.0,0
0.0,0.0,0.0,0.0,0.0,0.0,0.0,0.0,0.0,0.0,0
0.0,0.0,0.0,0.0,0.0,0.0,0.0,0.0,0.0,0.0,0
0.0,0.0,0.0,0.0,0.0,0.0,0.0,0.0,0.0,0.0,0
0.0,0.0,0.0,0.0,0.0,0.0,0.0,0.0,0.0,0.0,0
0.0,0.0,0.0,0.0,0.0,0.0,0.0,0.0,0.0,0.0,0
0.0,0.0,0.0,0.0,0.0,0.0,0.0,0.0,0.0,0.0,0
0.0,0.0,0.0,0.0,0.0,0.0,0.0,0.0,0.0,0.0,0
0.0,0.0,0.0,0.0,0.0,0.0,0.0,0.0,0.0,0.0,0
0.0,0.0,0.0,0.0,0.0,0.0,0.0,0.0,0.0,0.0,0
0.0,0.0,0.0,0.0,0.0,0.0,0.0,0.0,0.0,0.0,0
0.0,0.0,0.0,0.0,0.0,0.0,0.0,0.0,0.0,0.0,0
0.0,0.0,0.0,0.0,0.0,0.0,0.0,0.0,0.0,0.0,0
0.0,0.0,0.0,0.0,0.0,0.0,0.0,0.0,0.0,0.0,0
0.0,0.0,0.0,0.0,0.0,0.0,0.0,0.0,0.0,0.0,0
0.0,0.0,0.0,0.0,0.0,0.0,0.0,0.0,0.0,0.0,0
0.0,0.0,0.0,0.0,0.0,0.0,0.0,0.0,0.0,0.0,0
0.0,0.0,0.0,0.0,0.0,0.0,0.0,0.0,0.0,0.0,0
0.0,0.0,0.0,0.0,0.0,0.0,0.0,0.0,0.0,0.0,0
0.0,0.0,0.0,0.0,0.0,0.0,0.0,0.0,0.0,0.0,0
0.0,0.0,0.0,0.0,0.0,0.0,0.0,0.0,0.0,0.0,0
0.0,0.0,0.0,0.0,0.0,0.0,0.0,0.0,0.0,0.0,0
0.0,0.0,0.0,0.0,0.0,0.0,0.0,0.0,0.0,0.0,0
0.0,0.0,0.0,0.0,0.0,0.0,0.0,0.0,0.0,0.0,0
0.0,0.0,0.0,0.0,0.0,0.0,0.0,0.0,0.0,0.0,0
0.0,0.0,0.0,0.0,0.0,0.0,0.0,0.0,0.0,0.0,0
0.0,0.0,0.0,0.0,0.0,0.0,0.0,0.0,0.0,0.0,0
0.0,0.0,0.0,0.0,0.0,0.0,0.0,0.0,0.0,0.0,0
0.0,0.0,0.0,0.0,0.0,0.0,0.0,0.0,0.0,0.0,0
0.0,0.0,0.0,0.0,0.0,0.0,0.0,0.0,0.0,0.0,0
0.0,0.0,0.0,0.0,0.0,0.0,0.0,0.0,0.0,0.0,0
0.0,0.0,0.0,0.0,0.0,0.0,0.0,0.0,0.0,0.0,0
0.0,0.0,0.0,0.0,0.0,0.0,0.0,0.0,0.0,0.0,0
0.0,0.0,0.0,0.0,0.0,0.0,0.0,0.0,0.0,0.0,0
0.0,0.0,0.0,0.0,0.0,0.0,0.0,0.0,0.0,0.0,0
0.0,0.0,0.0,0.0,0.0,0.0,0.0,0.0,0.0,0.0,0
0.0,0.0,0.0,0.0,0.0,0.0,0.0,0.0,0.0,0.0,0
0.0,0.0,0.0,0.0,0.0,0.0,0.0,0.0,0.0,0.0,0
0.0,0.0,0.0,0.0,0.0,0.0,0.0,0.0,0.0,0.0,0
0.0,0.0,0.0,0.0,0.0,0.0,0.0,0.0,0.0,0.0,0
0.0,0.0,0.0,0.0,0.0,0.0,0.0,0.0,0.0,0.0,0
0.0,0.0,0.0,0.0,0.0,0.0,0.0,0.0,0.0,0.0,0
0.0,0.0,0.0,0.0,0.0,0.0,0.0,0.0,0.0,0.0,0
0.0,0.0,0.0,0.0,0.0,0.0,0.0,0.0,0.0,0.0,0
0.0,0.0,0.0,0.0,0.0,0.0,0.0,0.0,0.0,0.0,0
0.0,0.0,0.0,0.0,0.0,0.0,0.0,0.0,0.0,0.0,0
0.0,0.0,0.0,0.0,0.0,0.0,0.0,0.0,0.0,0.0,0
0.0,0.0,0.0,0.0,0.0,0.0,0.0,0.0,0.0,0.0,0
0.0,0.0,0.0,0.0,0.0,0.0,0.0,0.0,0.0,0.0,0
0.0,0.0,0.0,0.0,0.0,0.0,0.0,0.0,0.0,0.0,0
0.0,0.0,0.0,0.0,0.0,0.0,0.0,0.0,0.0,0.0,0
0.0,0.0,0.0,0.0,0.0,0.0,0.0,0.0,0.0,0.0,0
0.0,0.0,0.0,0.0,0.0,0.0,0.0,0.0,0.0,0.0,0
0.0,0.0,0.0,0.0,0.0,0.0,0.0,0.0,0.0,0.0,0
0.0,0.0,0.0,0.0,0.0,0.0,0.0,0.0,0.0,0.0,0
0.0,0.0,0.0,0.0,0.0,0.0,0.0,0.0,0.0,0.0,0
0.0,0.0,0.0,0.0,0.0,0.0,0.0,0.0,0.0,0.0,0
0.0,0.0,0.0,0.0,0.0,0.0,0.0,0.0,0.0,0.0,0
0.0,0.0,0.0,0.0,0.0,0.0,0.0,0.0,0.0,0.0,0
0.0,0.0,0.0,0.0,0.0,0.0,0.0,0.0,0.0,0.0,0
0.0,0.0,0.0,0.0,0.0,0.0,0.0,0.0,0.0,0.0,0
0.0,0.0,0.0,0.0,0.0,0.0,0.0,0.0,0.0,0.0,0
0.0,0.0,0.0,0.0,0.0,0.0,0.0,0.0,0.0,0.0,0
0.0,0.0,0.0,0.0,0.0,0.0,0.0,0.0,0.0,0.0,0
0.0,0.0,0.0,0.0,0.0,0.0,0.0,0.0,0.0,0.0,0
0.0,0.0,0.0,0.0,0.0,0.0,0.0,0.0,0.0,0.0,0
0.0,0.0,0.0,0.0,0.0,0.0,0.0,0.0,0.0,0.0,0
0.0,0.0,0.0,0.0,0.0,0.0,0.0,0.0,0.0,0.0,0
0.0,0.0,0.0,0.0,0.0,0.0,0.0,0.0,0.0,0.0,0
0.0,0.0,0.0,0.0,0.0,0.0,0.0,0.0,0.0,0.0,0
0.0,0.0,0.0,0.0,0.0,0.0,0.0,0.0,0.0,0.0,0
0.0,0.0,0.0,0.0,0.0,0.0,0.0,0.0,0.0,0.0,0
0.0,0.0,0.0,0.0,0.0,0.0,0.0,0.0,0.0,0.0,0
0.0,0.0,0.0,0.0,0.0,0.0,0.0,0.0,0.0,0.0,0
0.0,0.0,0.0,0.0,0.0,0.0,0.0,0.0,0.0,0.0,0
0.0,0.0,0.0,0.0,0.0,0.0,0.0,0.0,0.0,0.0,0
0.0,0.0,0.0,0.0,0.0,0.0,0.0,0.0,0.0,0.0,0
0.0,0.0,0.0,0.0,0.0,0.0,0.0,0.0,0.0,0.0,0
0.0,0.0,0.0,0.0,0.0,0.0,0.0,0.0,0.0,0.0,0
0.0,0.0,0.0,0.0,0.0,0.0,0.0,0.0,0.0,0.0,0
0.0,0.0,0.0,0.0,0.0,0.0,0.0,0.0,0.0,0.0,0
0.0,0.0,0.0,0.0,0.0,0.0,0.0,0.0,0.0,0.0,0
0.0,0.0,0.0,0.0,0.0,0.0,0.0,0.0,0.0,0.0,0
0.0,0.0,0.0,0.0,0.0,0.0,0.0,0.0,0.0,0.0,0
0.0,0.0,0.0,0.0,0.0,0.0,0.0,0.0,0.0,0.0,0
0.0,0.0,0.0,0.0,0.0,0.0,0.0,0.0,0.0,0.0,0
0.0,0.0,0.0,0.0,0.0,0.0,0.0,0.0,0.0,0.0,0
0.0,0.0,0.0,0.0,0.0,0.0,0.0,0.0,0.0,0.0,0
0.0,0.0,0.0,0.0,0.0,0.0,0.0,0.0,0.0,0.0,0
0.0,0.0,0.0,0.0,0.0,0.0,0.0,0.0,0.0,0.0,0
0.0,0.0,0.0,0.0,0.0,0.0,0.0,0.0,0.0,0.0,0
0.0,0.0,0.0,0.0,0.0,0.0,0.0,0.0,0.0,0.0,0
0.0,0.0,0.0,0.0,0.0,0.0,0.0,0.0,0.0,0.0,0
0.0,0.0,0.0,0.0,0.0,0.0,0.0,0.0,0.0,0.0,0
0.0,0.0,0.0,0.0,0.0,0.0,0.0,0.0,0.0,0.0,0
0.0,0.0,0.0,0.0,0.0,0.0,0.0,0.0,0.0,0.0,0
0.0,0.0,0.0,0.0,0.0,0.0,0.0,0.0,0.0,0.0,0
0.0,0.0,0.0,0.0,0.0,0.0,0.0,0.0,0.0,0.0,0
0.0,0.0,0.0,0.0,0.0,0.0,0.0,0.0,0.0,0.0,0
0.0,0.0,0.0,0.0,0.0,0.0,0.0,0.0,0.0,0.0,0
0.0,0.0,0.0,0.0,0.0,0.0,0.0,0.0,0.0,0.0,0
0.0,0.0,0.0,0.0,0.0,0.0,0.0,0.0,0.0,0.0,0
0.0,0.0,0.0,0.0,0.0,0.0,0.0,0.0,0.0,0.0,0
0.0,0.0,0.0,0.0,0.0,0.0,0.0,0.0,0.0,0.0,0
0.0,0.0,0.0,0.0,0.0,0.0,0.0,0.0,0.0,0.0,0
0.0,0.0,0.0,0.0,0.0,0.0,0.0,0.0,0.0,0.0,0
0.0,0.0,0.0,0.0,0.0,0.0,0.0,0.0,0.0,0.0,0
0.0,0.0,0.0,0.0,0.0,0.0,0.0,0.0,0.0,0.0,0
0.0,0.0,0.0,0.0,0.0,0.0,0.0,0.0,0.0,0.0,0
0.0,0.0,0.0,0.0,0.0,0.0,0.0,0.0,0.0,0.0,0
0.0,0.0,0.0,0.0,0.0,0.0,0.0,0.0,0.0,0.0,0
0.0,0.0,0.0,0.0,0.0,0.0,0.0,0.0,0.0,0.0,0
0.0,0.0,0.0,0.0,0.0,0.0,0.0,0.0,0.0,0.0,0
0.0,0.0,0.0,0.0,0.0,0.0,0.0,0.0,0.0,0.0,0
0.0,0.0,0.0,0.0,0.0,0.0,0.0,0.0,0.0,0.0,0
0.0,0.0,0.0,0.0,0.0,0.0,0.0,0.0,0.0,0.0,0
0.0,0.0,0.0,0.0,0.0,0.0,0.0,0.0,0.0,0.0,0
0.0,0.0,0.0,0.0,0.0,0.0,0.0,0.0,0.0,0.0,0
0.0,0.0,0.0,0.0,0.0,0.0,0.0,0.0,0.0,0.0,0
0.0,0.0,0.0,0.0,0.0,0.0,0.0,0.0,0.0,0.0,0
0.0,0.0,0.0,0.0,0.0,0.0,0.0,0.0,0.0,0.0,0
0.0,0.0,0.0,0.0,0.0,0.0,0.0,0.0,0.0,0.0,0
0.0,0.0,0.0,0.0,0.0,0.0,0.0,0.0,0.0,0.0,0
0.0,0.0,0.0,0.0,0.0,0.0,0.0,0.0,0.0,0.0,0
0.0,0.0,0.0,0.0,0.0,0.0,0.0,0.0,0.0,0.0,0
0.0,0.0,0.0,0.0,0.0,0.0,0.0,0.0,0.0,0.0,0
0.0,0.0,0.0,0.0,0.0,0.0,0.0,0.0,0.0,0.0,0
0.0,0.0,0.0,0.0,0.0,0.0,0.0,0.0,0.0,0.0,0
0.0,0.0,0.0,0.0,0.0,0.0,0.0,0.0,0.0,0.0,0
0.0,0.0,0.0,0.0,0.0,0.0,0.0,0.0,0.0,0.0,0
0.0,0.0,0.0,0.0,0.0,0.0,0.0,0.0,0.0,0.0,0
0.0,0.0,0.0,0.0,0.0,0.0,0.0,0.0,0.0,0.0,0
0.0,0.0,0.0,0.0,0.0,0.0,0.0,0.0,0.0,0.0,0
0.0,0.0,0.0,0.0,0.0,0.0,0.0,0.0,0.0,0.0,0
0.0,0.0,0.0,0.0,0.0,0.0,0.0,0.0,0.0,0.0,0
0.0,0.0,0.0,0.0,0.0,0.0,0.0,0.0,0.0,0.0,0
0.0,0.0,0.0,0.0,0.0,0.0,0.0,0.0,0.0,0.0,0
0.0,0.0,0.0,0.0,0.0,0.0,0.0,0.0,0.0,0.0,0
0.0,0.0,0.0,0.0,0.0,0.0,0.0,0.0,0.0,0.0,0
0.0,0.0,0.0,0.0,0.0,0.0,0.0,0.0,0.0,0.0,0
0.0,0.0,0.0,0.0,0.0,0.0,0.0,0.0,0.0,0.0,0
0.0,0.0,0.0,0.0,0.0,0.0,0.0,0.0,0.0,0.0,0
0.0,0.0,0.0,0.0,0.0,0.0,0.0,0.0,0.0,0.0,0
0.0,0.0,0.0,0.0,0.0,0.0,0.0,0.0,0.0,0.0,0
0.0,0.0,0.0,0.0,0.0,0.0,0.0,0.0,0.0,0.0,0
0.0,0.0,0.0,0.0,0.0,0.0,0.0,0.0,0.0,0.0,0
0.0,0.0,0.0,0.0,0.0,0.0,0.0,0.0,0.0,0.0,0
0.0,0.0,0.0,0.0,0.0,0.0,0.0,0.0,0.0,0.001,0
0.0,0.0,0.0,0.0,0.0,0.0,0.0,0.0,0.001,-0.001,0
0.0,0.0,0.0,0.0,0.0,0.0,0.0,0.001,-0.001,0.0,0
0.0,0.0,0.0,0.0,0.0,0.0,0.001,-0.001,0.0,0.0,0
0.0,0.0,0.0,0.0,0.0,0.001,-0.001,0.0,0.0,0.0,0
0.0,0.0,0.0,0.0,0.001,-0.001,0.0,0.0,0.0,0.002,0
0.0,0.0,0.0,0.001,-0.001,0.0,0.0,0.0,0.002,-0.002,0
0.0,0.0,0.001,-0.001,0.0,0.0,0.0,0.002,-0.002,0.0,0
0.0,0.001,-0.001,0.0,0.0,0.0,0.002,-0.002,0.0,0.001,0
0.001,-0.001,0.0,0.0,0.0,0.002,-0.002,0.0,0.001,0.011,0
0.0,0.0,0.0,0.0,0.002,-0.002,0.0,0.001,0.011,10.598,0
0.0,0.0,0.0,0.002,-0.002,0.0,0.001,0.011,10.598,-5.936,0
0.0,0.0,0.002,-0.002,0.0,0.001,0.011,10.598,-5.936,16.518,0
0.0,0.002,-0.002,0.0,0.001,0.011,10.598,-5.936,16.518,-4.396,0
0.002,-0.002,0.0,0.001,0.011,10.598,-5.936,16.518,-4.396,18.985,0
0.0,0.0,0.001,0.011,10.598,-5.936,16.518,-4.396,18.985,-21.231,0
0.0,0.001,0.011,10.598,-5.936,16.518,-4.396,18.985,-21.231,4.074,0
0.001,0.011,10.598,-5.936,16.518,-4.396,18.985,-21.231,4.074,20.862,0
0.012,10.598,-5.936,16.518,-4.396,18.985,-21.231,4.074,20.862,0.515,0
10.61,-5.936,16.518,-4.396,18.985,-21.231,4.074,20.862,0.515,-7.063,0
4.674,16.518,-4.396,18.985,-21.231,4.074,20.862,0.515,-7.063,-21.596,0
21.192,-4.396,18.985,-21.231,4.074,20.862,0.515,-7.063,-21.596,-11.335,0
16.796,18.985,-21.231,4.074,20.862,0.515,-7.063,-21.596,-11.335,10.571,0
35.781,-21.231,4.074,20.862,0.515,-7.063,-21.596,-11.335,10.571,6.239,0
14.55,4.074,20.862,0.515,-7.063,-21.596,-11.335,10.571,6.239,-6.206,0
18.624,20.862,0.515,-7.063,-21.596,-11.335,10.571,6.239,-6.206,-3.346,0
39.486,0.515,-7.063,-21.596,-11.335,10.571,6.239,-6.206,-3.346,4.395,0
40.001,-7.063,-21.596,-11.335,10.571,6.239,-6.206,-3.346,4.395,4.211,0
32.938,-21.596,-11.335,10.571,6.239,-6.206,-3.346,4.395,4.211,-4.072,0
11.342,-11.335,10.571,6.239,-6.206,-3.346,4.395,4.211,-4.072,-11.784,0
0.007,10.571,6.239,-6.206,-3.346,4.395,4.211,-4.072,-11.784,9.278,0
10.578,6.239,-6.206,-3.346,4.395,4.211,-4.072,-11.784,9.278,-9.287,0
16.817,-6.206,-3.346,4.395,4.211,-4.072,-11.784,9.278,-9.287,0.013,0
10.611,-3.346,4.395,4.211,-4.072,-11.784,9.278,-9.287,0.013,18.397,0
7.265,4.395,4.211,-4.072,-11.784,9.278,-9.287,0.013,18.397,-4.229,0
11.66,4.211,-4.072,-11.784,9.278,-9.287,0.013,18.397,-4.229,5.42,0
15.871,-4.072,-11.784,9.278,-9.287,0.013,18.397,-4.229,5.42,-0.47,0
11.799,-11.784,9.278,-9.287,0.013,18.397,-4.229,5.42,-0.47,-8.018,0
0.015,9.278,-9.287,0.013,18.397,-4.229,5.42,-0.47,-8.018,0.913,0
9.293,-9.287,0.013,18.397,-4.229,5.42,-0.47,-8.018,0.913,9.551,0
0.006,0.013,18.397,-4.229,5.42,-0.47,-8.018,0.913,9.551,6.66,0
0.019,18.397,-4.229,5.42,-0.47,-8.018,0.913,9.551,6.66,-16.841,0
18.416,-4.229,5.42,-0.47,-8.018,0.913,9.551,6.66,-16.841,-8.324,0
14.187,5.42,-0.47,-8.018,0.913,9.551,6.66,-16.841,-8.324,22.909,0
19.607,-0.47,-8.018,0.913,9.551,6.66,-16.841,-8.324,22.909,11.589,0
19.137,-8.018,0.913,9.551,6.66,-16.841,-8.324,22.909,11.589,-3.145,0
11.119,0.913,9.551,6.66,-16.841,-8.324,22.909,11.589,-3.145,-27.44,0
12.032,9.551,6.66,-16.841,-8.324,22.909,11.589,-3.145,-27.44,23.572,0
21.583,6.66,-16.841,-8.324,22.909,11.589,-3.145,-27.44,23.572,-30.431,0
28.243,-16.841,-8.324,22.909,11.589,-3.145,-27.44,23.572,-30.431,31.996,0
11.402,-8.324,22.909,11.589,-3.145,-27.44,23.572,-30.431,31.996,-9.689,0
3.078,22.909,11.589,-3.145,-27.44,23.572,-30.431,31.996,-9.689,-14.262,0
25.987,11.589,-3.145,-27.44,23.572,-30.431,31.996,-9.689,-14.262,41.456,0
37.576,-3.145,-27.44,23.572,-30.431,31.996,-9.689,-14.262,41.456,-30.044,0
34.431,-27.44,23.572,-30.431,31.996,-9.689,-14.262,41.456,-30.044,-19.589,0
6.991,23.572,-30.431,31.996,-9.689,-14.262,41.456,-30.044,-19.589,1.592,0
30.563,-30.431,31.996,-9.689,-14.262,41.456,-30.044,-19.589,1.592,13.291,0
0.132,31.996,-9.689,-14.262,41.456,-30.044,-19.589,1.592,13.291,8.948,0
32.128,-9.689,-14.262,41.456,-30.044,-19.589,1.592,13.291,8.948,-7.599,0
22.439,-14.262,41.456,-30.044,-19.589,1.592,13.291,8.948,-7.599,8.68,0
8.177,41.456,-30.044,-19.589,1.592,13.291,8.948,-7.599,8.68,-8.938,0
49.633,-30.044,-19.589,1.592,13.291,8.948,-7.599,8.68,-8.938,-4.402,0
19.589,-19.589,1.592,13.291,8.948,-7.599,8.68,-8.938,-4.402,1.321,0
0.0,1.592,13.291,8.948,-7.599,8.68,-8.938,-4.402,1.321,-12.893,0
1.592,13.291,8.948,-7.599,8.68,-8.938,-4.402,1.321,-12.893,0.0,0
14.883,8.948,-7.599,8.68,-8.938,-4.402,1.321,-12.893,0.0,0.0,0
23.831,-7.599,8.68,-8.938,-4.402,1.321,-12.893,0.0,0.0,0.007,0
16.232,8.68,-8.938,-4.402,1.321,-12.893,0.0,0.0,0.007,0.003,0
24.912,-8.938,-4.402,1.321,-12.893,0.0,0.0,0.007,0.003,-0.01,0
15.974,-4.402,1.321,-12.893,0.0,0.0,0.007,0.003,-0.01,0.0,0
11.572,1.321,-12.893,0.0,0.0,0.007,0.003,-0.01,0.0,0.0,0
12.893,-12.893,0.0,0.0,0.007,0.003,-0.01,0.0,0.0,0.01,0
0.0,0.0,0.0,0.007,0.003,-0.01,0.0,0.0,0.01,-0.01,0
0.0,0.0,0.007,0.003,-0.01,0.0,0.0,0.01,-0.01,0.0,0
0.0,0.007,0.003,-0.01,0.0,0.0,0.01,-0.01,0.0,0.0,0
0.007,0.003,-0.01,0.0,0.0,0.01,-0.01,0.0,0.0,0.0,0
0.01,-0.01,0.0,0.0,0.01,-0.01,0.0,0.0,0.0,0.0,0
0.0,0.0,0.0,0.01,-0.01,0.0,0.0,0.0,0.0,0.0,0
0.0,0.0,0.01,-0.01,0.0,0.0,0.0,0.0,0.0,0.0,0
0.0,0.01,-0.01,0.0,0.0,0.0,0.0,0.0,0.0,0.0,0
0.01,-0.01,0.0,0.0,0.0,0.0,0.0,0.0,0.0,0.004,0
0.0,0.0,0.0,0.0,0.0,0.0,0.0,0.0,0.004,0.001,0
0.0,0.0,0.0,0.0,0.0,0.0,0.0,0.004,0.001,-0.005,0
0.0,0.0,0.0,0.0,0.0,0.0,0.004,0.001,-0.005,0.0,0
0.0,0.0,0.0,0.0,0.0,0.004,0.001,-0.005,0.0,0.0,0
0.0,0.0,0.0,0.0,0.004,0.001,-0.005,0.0,0.0,0.0,0
0.0,0.0,0.0,0.004,0.001,-0.005,0.0,0.0,0.0,0.0,0
0.0,0.0,0.004,0.001,-0.005,0.0,0.0,0.0,0.0,0.0,0
0.0,0.004,0.001,-0.005,0.0,0.0,0.0,0.0,0.0,0.0,0
0.004,0.001,-0.005,0.0,0.0,0.0,0.0,0.0,0.0,0.0,0
0.005,-0.005,0.0,0.0,0.0,0.0,0.0,0.0,0.0,0.004,0
0.0,0.0,0.0,0.0,0.0,0.0,0.0,0.0,0.004,0.001,0
0.0,0.0,0.0,0.0,0.0,0.0,0.0,0.004,0.001,-0.005,0
0.0,0.0,0.0,0.0,0.0,0.0,0.004,0.001,-0.005,0.005,0
0.0,0.0,0.0,0.0,0.0,0.004,0.001,-0.005,0.005,38.391,0
0.0,0.0,0.0,0.0,0.004,0.001,-0.005,0.005,38.391,10.374,0
0.0,0.0,0.0,0.004,0.001,-0.005,0.005,38.391,10.374,0.226,0
0.0,0.0,0.004,0.001,-0.005,0.005,38.391,10.374,0.226,0.297,0
0.0,0.004,0.001,-0.005,0.005,38.391,10.374,0.226,0.297,-5.395,0
0.004,0.001,-0.005,0.005,38.391,10.374,0.226,0.297,-5.395,-8.26,0
0.005,-0.005,0.005,38.391,10.374,0.226,0.297,-5.395,-8.26,-12.157,0
0.0,0.005,38.391,10.374,0.226,0.297,-5.395,-8.26,-12.157,24.981,0
0.005,38.391,10.374,0.226,0.297,-5.395,-8.26,-12.157,24.981,-28.263,0
38.396,10.374,0.226,0.297,-5.395,-8.26,-12.157,24.981,-28.263,-9.973,0
48.77,0.226,0.297,-5.395,-8.26,-12.157,24.981,-28.263,-9.973,-6.175,0
48.996,0.297,-5.395,-8.26,-12.157,24.981,-28.263,-9.973,-6.175,11.448,0
49.293,-5.395,-8.26,-12.157,24.981,-28.263,-9.973,-6.175,11.448,-3.998,0
43.898,-8.26,-12.157,24.981,-28.263,-9.973,-6.175,11.448,-3.998,-0.423,0
35.638,-12.157,24.981,-28.263,-9.973,-6.175,11.448,-3.998,-0.423,-11.065,0
23.481,24.981,-28.263,-9.973,-6.175,11.448,-3.998,-0.423,-11.065,15.449,0
48.462,-28.263,-9.973,-6.175,11.448,-3.998,-0.423,-11.065,15.449,-5.285,0
20.199,-9.973,-6.175,11.448,-3.998,-0.423,-11.065,15.449,-5.285,-6.748,0
10.226,-6.175,11.448,-3.998,-0.423,-11.065,15.449,-5.285,-6.748,4.391,0
4.051,11.448,-3.998,-0.423,-11.065,15.449,-5.285,-6.748,4.391,2.336,0
15.499,-3.998,-0.423,-11.065,15.449,-5.285,-6.748,4.391,2.336,-6.714,0
11.501,-0.423,-11.065,15.449,-5.285,-6.748,4.391,2.336,-6.714,5.548,0
11.078,-11.065,15.449,-5.285,-6.748,4.391,2.336,-6.714,5.548,-8.989,0
0.013,15.449,-5.285,-6.748,4.391,2.336,-6.714,5.548,-8.989,11.572,0
15.462,-5.285,-6.748,4.391,2.336,-6.714,5.548,-8.989,11.572,15.485,0
10.177,-6.748,4.391,2.336,-6.714,5.548,-8.989,11.572,15.485,-17.115,0
3.429,4.391,2.336,-6.714,5.548,-8.989,11.572,15.485,-17.115,2.294,0
7.82,2.336,-6.714,5.548,-8.989,11.572,15.485,-17.115,2.294,-12.215,0
10.156,-6.714,5.548,-8.989,11.572,15.485,-17.115,2.294,-12.215,17.456,0
3.442,5.548,-8.989,11.572,15.485,-17.115,2.294,-12.215,17.456,2.354,0
8.99,-8.989,11.572,15.485,-17.115,2.294,-12.215,17.456,2.354,-3.38,0
0.001,11.572,15.485,-17.115,2.294,-12.215,17.456,2.354,-3.38,3.56,0
11.573,15.485,-17.115,2.294,-12.215,17.456,2.354,-3.38,3.56,-9.509,0
27.058,-17.115,2.294,-12.215,17.456,2.354,-3.38,3.56,-9.509,24.129,0
9.943,2.294,-12.215,17.456,2.354,-3.38,3.56,-9.509,24.129,-25.352,0
12.237,-12.215,17.456,2.354,-3.38,3.56,-9.509,24.129,-25.352,-1.0,0
0.022,17.456,2.354,-3.38,3.56,-9.509,24.129,-25.352,-1.0,30.634,0
17.478,2.354,-3.38,3.56,-9.509,24.129,-25.352,-1.0,30.634,-27.333,0
19.832,-3.38,3.56,-9.509,24.129,-25.352,-1.0,30.634,-27.333,26.619,0
16.452,3.56,-9.509,24.129,-25.352,-1.0,30.634,-27.333,26.619,-15.116,0
20.012,-9.509,24.129,-25.352,-1.0,30.634,-27.333,26.619,-15.116,-13.586,0
10.503,24.129,-25.352,-1.0,30.634,-27.333,26.619,-15.116,-13.586,0.624,0
34.632,-25.352,-1.0,30.634,-27.333,26.619,-15.116,-13.586,0.624,-10.086,0
9.28,-1.0,30.634,-27.333,26.619,-15.116,-13.586,0.624,-10.086,21.164,0
8.28,30.634,-27.333,26.619,-15.116,-13.586,0.624,-10.086,21.164,-7.312,0
38.914,-27.333,26.619,-15.116,-13.586,0.624,-10.086,21.164,-7.312,-7.796,0
11.581,26.619,-15.116,-13.586,0.624,-10.086,21.164,-7.312,-7.796,-6.092,0
38.2,-15.116,-13.586,0.624,-10.086,21.164,-7.312,-7.796,-6.092,0.018,0
23.084,-13.586,0.624,-10.086,21.164,-7.312,-7.796,-6.092,0.018,-0.018,0
9.498,0.624,-10.086,21.164,-7.312,-7.796,-6.092,0.018,-0.018,27.175,0
10.122,-10.086,21.164,-7.312,-7.796,-6.092,0.018,-0.018,27.175,-4.497,0
0.036,21.164,-7.312,-7.796,-6.092,0.018,-0.018,27.175,-4.497,-22.677,0
21.2,-7.312,-7.796,-6.092,0.018,-0.018,27.175,-4.497,-22.677,-0.001,0
13.888,-7.796,-6.092,0.018,-0.018,27.175,-4.497,-22.677,-0.001,0.0,0
6.092,-6.092,0.018,-0.018,27.175,-4.497,-22.677,-0.001,0.0,0.0,0
0.0,0.018,-0.018,27.175,-4.497,-22.677,-0.001,0.0,0.0,0.0,0
0.018,-0.018,27.175,-4.497,-22.677,-0.001,0.0,0.0,0.0,0.0,0
0.0,27.175,-4.497,-22.677,-0.001,0.0,0.0,0.0,0.0,0.0,0
27.175,-4.497,-22.677,-0.001,0.0,0.0,0.0,0.0,0.0,0.0,0
22.678,-22.677,-0.001,0.0,0.0,0.0,0.0,0.0,0.0,0.0,0
0.001,-0.001,0.0,0.0,0.0,0.0,0.0,0.0,0.0,0.009,0
0.0,0.0,0.0,0.0,0.0,0.0,0.0,0.0,0.009,-0.009,0
0.0,0.0,0.0,0.0,0.0,0.0,0.0,0.009,-0.009,0.0,0
0.0,0.0,0.0,0.0,0.0,0.0,0.009,-0.009,0.0,0.0,0
0.0,0.0,0.0,0.0,0.0,0.009,-0.009,0.0,0.0,0.0,0
0.0,0.0,0.0,0.0,0.009,-0.009,0.0,0.0,0.0,0.0,0
0.0,0.0,0.0,0.009,-0.009,0.0,0.0,0.0,0.0,0.0,0
0.0,0.0,0.009,-0.009,0.0,0.0,0.0,0.0,0.0,0.0,0
0.0,0.009,-0.009,0.0,0.0,0.0,0.0,0.0,0.0,0.0,0
0.009,-0.009,0.0,0.0,0.0,0.0,0.0,0.0,0.0,0.0,0
0.0,0.0,0.0,0.0,0.0,0.0,0.0,0.0,0.0,0.01,0
0.0,0.0,0.0,0.0,0.0,0.0,0.0,0.0,0.01,-0.01,0
0.0,0.0,0.0,0.0,0.0,0.0,0.0,0.01,-0.01,0.0,0
0.0,0.0,0.0,0.0,0.0,0.0,0.01,-0.01,0.0,0.0,0
0.0,0.0,0.0,0.0,0.0,0.01,-0.01,0.0,0.0,0.0,0
0.0,0.0,0.0,0.0,0.01,-0.01,0.0,0.0,0.0,0.0,0
0.0,0.0,0.0,0.01,-0.01,0.0,0.0,0.0,0.0,0.0,0
0.0,0.0,0.01,-0.01,0.0,0.0,0.0,0.0,0.0,0.0,0
0.0,0.01,-0.01,0.0,0.0,0.0,0.0,0.0,0.0,0.0,0
0.01,-0.01,0.0,0.0,0.0,0.0,0.0,0.0,0.0,0.0,0
0.0,0.0,0.0,0.0,0.0,0.0,0.0,0.0,0.0,0.009,0
0.0,0.0,0.0,0.0,0.0,0.0,0.0,0.0,0.009,-0.009,0
0.0,0.0,0.0,0.0,0.0,0.0,0.0,0.009,-0.009,0.004,0
0.0,0.0,0.0,0.0,0.0,0.0,0.009,-0.009,0.004,25.679,0
0.0,0.0,0.0,0.0,0.0,0.009,-0.009,0.004,25.679,11.847,0
0.0,0.0,0.0,0.0,0.009,-0.009,0.004,25.679,11.847,-2.92,0
0.0,0.0,0.0,0.009,-0.009,0.004,25.679,11.847,-2.92,-17.071,0
0.0,0.0,0.009,-0.009,0.004,25.679,11.847,-2.92,-17.071,5.588,0
0.0,0.009,-0.009,0.004,25.679,11.847,-2.92,-17.071,5.588,19.274,0
0.009,-0.009,0.004,25.679,11.847,-2.92,-17.071,5.588,19.274,-0.586,0
0.0,0.004,25.679,11.847,-2.92,-17.071,5.588,19.274,-0.586,-10.374,0
0.004,25.679,11.847,-2.92,-17.071,5.588,19.274,-0.586,-10.374,11.173,0
25.683,11.847,-2.92,-17.071,5.588,19.274,-0.586,-10.374,11.173,3.516,0
37.53,-2.92,-17.071,5.588,19.274,-0.586,-10.374,11.173,3.516,-29.258,0
34.61,-17.071,5.588,19.274,-0.586,-10.374,11.173,3.516,-29.258,-10.686,0
17.539,5.588,19.274,-0.586,-10.374,11.173,3.516,-29.258,-10.686,17.32,0
23.127,19.274,-0.586,-10.374,11.173,3.516,-29.258,-10.686,17.32,-7.048,0
42.401,-0.586,-10.374,11.173,3.516,-29.258,-10.686,17.32,-7.048,-13.301,0
41.815,-10.374,11.173,3.516,-29.258,-10.686,17.32,-7.048,-13.301,4.53,0
31.441,11.173,3.516,-29.258,-10.686,17.32,-7.048,-13.301,4.53,0.29,0
42.614,3.516,-29.258,-10.686,17.32,-7.048,-13.301,4.53,0.29,2.363,0
46.13,-29.258,-10.686,17.32,-7.048,-13.301,4.53,0.29,2.363,-6.005,0
16.872,-10.686,17.32,-7.048,-13.301,4.53,0.29,2.363,-6.005,4.199,0
6.186,17.32,-7.048,-13.301,4.53,0.29,2.363,-6.005,4.199,-8.524,0
23.506,-7.048,-13.301,4.53,0.29,2.363,-6.005,4.199,-8.524,3.57,0
16.458,-13.301,4.53,0.29,2.363,-6.005,4.199,-8.524,3.57,28.919,0
3.157,4.53,0.29,2.363,-6.005,4.199,-8.524,3.57,28.919,-25.378,0
7.687,0.29,2.363,-6.005,4.199,-8.524,3.57,28.919,-25.378,6.621,0
7.977,2.363,-6.005,4.199,-8.524,3.57,28.919,-25.378,6.621,-2.532,0
10.34,-6.005,4.199,-8.524,3.57,28.919,-25.378,6.621,-2.532,5.76,0
4.335,4.199,-8.524,3.57,28.919,-25.378,6.621,-2.532,5.76,19.553,0
8.534,-8.524,3.57,28.919,-25.378,6.621,-2.532,5.76,19.553,-30.19,0
0.01,3.57,28.919,-25.378,6.621,-2.532,5.76,19.553,-30.19,-0.782,0
3.58,28.919,-25.378,6.621,-2.532,5.76,19.553,-30.19,-0.782,-0.99,0
32.499,-25.378,6.621,-2.532,5.76,19.553,-30.19,-0.782,-0.99,2.17,0
7.121,6.621,-2.532,5.76,19.553,-30.19,-0.782,-0.99,2.17,24.936,0
13.742,-2.532,5.76,19.553,-30.19,-0.782,-0.99,2.17,24.936,-4.101,0
11.21,5.76,19.553,-30.19,-0.782,-0.99,2.17,24.936,-4.101,1.281,0
16.97,19.553,-30.19,-0.782,-0.99,2.17,24.936,-4.101,1.281,-16.257,0
36.523,-30.19,-0.782,-0.99,2.17,24.936,-4.101,1.281,-16.257,4.04,0
6.333,-0.782,-0.99,2.17,24.936,-4.101,1.281,-16.257,4.04,-15.486,0
5.551,-0.99,2.17,24.936,-4.101,1.281,-16.257,4.04,-15.486,12.888,0
4.561,2.17,24.936,-4.101,1.281,-16.257,4.04,-15.486,12.888,-2.75,0
6.731,24.936,-4.101,1.281,-16.257,4.04,-15.486,12.888,-2.75,33.982,0
31.667,-4.101,1.281,-16.257,4.04,-15.486,12.888,-2.75,33.982,-19.36,0
27.566,1.281,-16.257,4.04,-15.486,12.888,-2.75,33.982,-19.36,-5.141,0
28.847,-16.257,4.04,-15.486,12.888,-2.75,33.982,-19.36,-5.141,0.079,0
12.59,4.04,-15.486,12.888,-2.75,33.982,-19.36,-5.141,0.079,-20.821,0
16.63,-15.486,12.888,-2.75,33.982,-19.36,-5.141,0.079,-20.821,9.652,0
1.144,12.888,-2.75,33.982,-19.36,-5.141,0.079,-20.821,9.652,-0.288,0
14.032,-2.75,33.982,-19.36,-5.141,0.079,-20.821,9.652,-0.288,-9.384,0
11.282,33.982,-19.36,-5.141,0.079,-20.821,9.652,-0.288,-9.384,20.331,0
45.264,-19.36,-5.141,0.079,-20.821,9.652,-0.288,-9.384,20.331,-20.332,0
25.904,-5.141,0.079,-20.821,9.652,-0.288,-9.384,20.331,-20.332,0.017,0
20.763,0.079,-20.821,9.652,-0.288,-9.384,20.331,-20.332,0.017,-0.007,0
20.842,-20.821,9.652,-0.288,-9.384,20.331,-20.332,0.017,-0.007,-0.01,0
0.021,9.652,-0.288,-9.384,20.331,-20.332,0.017,-0.007,-0.01,0.0,0
9.673,-0.288,-9.384,20.331,-20.332,0.017,-0.007,-0.01,0.0,0.0,0
9.385,-9.384,20.331,-20.332,0.017,-0.007,-0.01,0.0,0.0,0.0,0
0.001,20.331,-20.332,0.017,-0.007,-0.01,0.0,0.0,0.0,0.0,0
20.332,-20.332,0.017,-0.007,-0.01,0.0,0.0,0.0,0.0,0.0,0
0.0,0.017,-0.007,-0.01,0.0,0.0,0.0,0.0,0.0,0.0,0
0.017,-0.007,-0.01,0.0,0.0,0.0,0.0,0.0,0.0,0.0,0
0.01,-0.01,0.0,0.0,0.0,0.0,0.0,0.0,0.0,0.008,0
0.0,0.0,0.0,0.0,0.0,0.0,0.0,0.0,0.008,-0.007,0
0.0,0.0,0.0,0.0,0.0,0.0,0.0,0.008,-0.007,-0.001,0
0.0,0.0,0.0,0.0,0.0,0.0,0.008,-0.007,-0.001,0.0,0
0.0,0.0,0.0,0.0,0.0,0.008,-0.007,-0.001,0.0,0.0,0
0.0,0.0,0.0,0.0,0.008,-0.007,-0.001,0.0,0.0,0.0,0
0.0,0.0,0.0,0.008,-0.007,-0.001,0.0,0.0,0.0,0.0,0
0.0,0.0,0.008,-0.007,-0.001,0.0,0.0,0.0,0.0,0.0,0
0.0,0.008,-0.007,-0.001,0.0,0.0,0.0,0.0,0.0,0.0,0
0.008,-0.007,-0.001,0.0,0.0,0.0,0.0,0.0,0.0,0.0,0
0.001,-0.001,0.0,0.0,0.0,0.0,0.0,0.0,0.0,0.009,0
0.0,0.0,0.0,0.0,0.0,0.0,0.0,0.0,0.009,-0.009,0
0.0,0.0,0.0,0.0,0.0,0.0,0.0,0.009,-0.009,0.0,0
0.0,0.0,0.0,0.0,0.0,0.0,0.009,-0.009,0.0,0.0,0
0.0,0.0,0.0,0.0,0.0,0.009,-0.009,0.0,0.0,0.0,0
0.0,0.0,0.0,0.0,0.009,-0.009,0.0,0.0,0.0,0.004,0
0.0,0.0,0.0,0.009,-0.009,0.0,0.0,0.0,0.004,-0.004,0
0.0,0.0,0.009,-0.009,0.0,0.0,0.0,0.004,-0.004,0.0,0
0.0,0.009,-0.009,0.0,0.0,0.0,0.004,-0.004,0.0,0.0,0
0.009,-0.009,0.0,0.0,0.0,0.004,-0.004,0.0,0.0,0.0,0
0.0,0.0,0.0,0.0,0.004,-0.004,0.0,0.0,0.0,0.006,0
0.0,0.0,0.0,0.004,-0.004,0.0,0.0,0.0,0.006,13.908,0
0.0,0.0,0.004,-0.004,0.0,0.0,0.0,0.006,13.908,25.611,0
0.0,0.004,-0.004,0.0,0.0,0.0,0.006,13.908,25.611,-28.399,0
0.004,-0.004,0.0,0.0,0.0,0.006,13.908,25.611,-28.399,37.184,0
0.0,0.0,0.0,0.0,0.006,13.908,25.611,-28.399,37.184,-28.809,0
0.0,0.0,0.0,0.006,13.908,25.611,-28.399,37.184,-28.809,25.311,0
0.0,0.0,0.006,13.908,25.611,-28.399,37.184,-28.809,25.311,-30.252,0
0.0,0.006,13.908,25.611,-28.399,37.184,-28.809,25.311,-30.252,27.458,0
0.006,13.908,25.611,-28.399,37.184,-28.809,25.311,-30.252,27.458,-10.456,0
13.914,25.611,-28.399,37.184,-28.809,25.311,-30.252,27.458,-10.456,-1.674,0
39.525,-28.399,37.184,-28.809,25.311,-30.252,27.458,-10.456,-1.674,-7.95,0
11.126,37.184,-28.809,25.311,-30.252,27.458,-10.456,-1.674,-7.95,-19.451,0
48.31,-28.809,25.311,-30.252,27.458,-10.456,-1.674,-7.95,-19.451,2.509,0
19.501,25.311,-30.252,27.458,-10.456,-1.674,-7.95,-19.451,2.509,22.817,0
44.812,-30.252,27.458,-10.456,-1.674,-7.95,-19.451,2.509,22.817,2.551,0
14.56,27.458,-10.456,-1.674,-7.95,-19.451,2.509,22.817,2.551,-12.284,0
42.018,-10.456,-1.674,-7.95,-19.451,2.509,22.817,2.551,-12.284,-3.86,0
31.562,-1.674,-7.95,-19.451,2.509,22.817,2.551,-12.284,-3.86,-3.4,0
29.888,-7.95,-19.451,2.509,22.817,2.551,-12.284,-3.86,-3.4,-1.783,0
21.938,-19.451,2.509,22.817,2.551,-12.284,-3.86,-3.4,-1.783,0.629,0
2.487,2.509,22.817,2.551,-12.284,-3.86,-3.4,-1.783,0.629,-4.261,0
4.996,22.817,2.551,-12.284,-3.86,-3.4,-1.783,0.629,-4.261,4.091,0
27.813,2.551,-12.284,-3.86,-3.4,-1.783,0.629,-4.261,4.091,0.434,0
30.364,-12.284,-3.86,-3.4,-1.783,0.629,-4.261,4.091,0.434,-2.781,0
18.08,-3.86,-3.4,-1.783,0.629,-4.261,4.091,0.434,-2.781,27.738,0
14.22,-3.4,-1.783,0.629,-4.261,4.091,0.434,-2.781,27.738,-20.495,0
10.82,-1.783,0.629,-4.261,4.091,0.434,-2.781,27.738,-20.495,-7.51,0
9.037,0.629,-4.261,4.091,0.434,-2.781,27.738,-20.495,-7.51,2.591,0
9.666,-4.261,4.091,0.434,-2.781,27.738,-20.495,-7.51,2.591,-8.176,0
5.405,4.091,0.434,-2.781,27.738,-20.495,-7.51,2.591,-8.176,14.48,0
9.496,0.434,-2.781,27.738,-20.495,-7.51,2.591,-8.176,14.48,13.359,0
9.93,-2.781,27.738,-20.495,-7.51,2.591,-8.176,14.48,13.359,-6.254,0
7.149,27.738,-20.495,-7.51,2.591,-8.176,14.48,13.359,-6.254,-20.348,0
34.887,-20.495,-7.51,2.591,-8.176,14.48,13.359,-6.254,-20.348,14.482,0
14.392,-7.51,2.591,-8.176,14.48,13.359,-6.254,-20.348,14.482,4.578,0
6.882,2.591,-8.176,14.48,13.359,-6.254,-20.348,14.482,4.578,4.664,0
9.473,-8.176,14.48,13.359,-6.254,-20.348,14.482,4.578,4.664,-12.457,0
1.297,14.48,13.359,-6.254,-20.348,14.482,4.578,4.664,-12.457,-4.387,0
15.777,13.359,-6.254,-20.348,14.482,4.578,4.664,-12.457,-4.387,0.237,0
29.136,-6.254,-20.348,14.482,4.578,4.664,-12.457,-4.387,0.237,-9.552,0
22.882,-20.348,14.482,4.578,4.664,-12.457,-4.387,0.237,-9.552,9.33,0
2.534,14.482,4.578,4.664,-12.457,-4.387,0.237,-9.552,9.33,21.975,0
17.016,4.578,4.664,-12.457,-4.387,0.237,-9.552,9.33,21.975,17.488,0
21.594,4.664,-12.457,-4.387,0.237,-9.552,9.33,21.975,17.488,-32.845,0
26.258,-12.457,-4.387,0.237,-9.552,9.33,21.975,17.488,-32.845,-16.047,0
13.801,-4.387,0.237,-9.552,9.33,21.975,17.488,-32.845,-16.047,0.0,0
9.414,0.237,-9.552,9.33,21.975,17.488,-32.845,-16.047,0.0,41.694,0
9.651,-9.552,9.33,21.975,17.488,-32.845,-16.047,0.0,41.694,-16.997,0
0.099,9.33,21.975,17.488,-32.845,-16.047,0.0,41.694,-16.997,-24.692,0
9.429,21.975,17.488,-32.845,-16.047,0.0,41.694,-16.997,-24.692,4.901,0
31.404,17.488,-32.845,-16.047,0.0,41.694,-16.997,-24.692,4.901,-4.906,0
48.892,-32.845,-16.047,0.0,41.694,-16.997,-24.692,4.901,-4.906,0.015,0
16.047,-16.047,0.0,41.694,-16.997,-24.692,4.901,-4.906,0.015,-0.015,0
0.0,0.0,41.694,-16.997,-24.692,4.901,-4.906,0.015,-0.015,0.0,0
0.0,41.694,-16.997,-24.692,4.901,-4.906,0.015,-0.015,0.0,0.0,0
41.694,-16.997,-24.692,4.901,-4.906,0.015,-0.015,0.0,0.0,0.0,0
24.697,-24.692,4.901,-4.906,0.015,-0.015,0.0,0.0,0.0,0.0,0
0.005,4.901,-4.906,0.015,-0.015,0.0,0.0,0.0,0.0,0.0,0
4.906,-4.906,0.015,-0.015,0.0,0.0,0.0,0.0,0.0,0.0,0
0.0,0.015,-0.015,0.0,0.0,0.0,0.0,0.0,0.0,0.0,0
0.015,-0.015,0.0,0.0,0.0,0.0,0.0,0.0,0.0,0.005,0
0.0,0.0,0.0,0.0,0.0,0.0,0.0,0.0,0.005,0.0,0
0.0,0.0,0.0,0.0,0.0,0.0,0.0,0.005,0.0,-0.005,0
0.0,0.0,0.0,0.0,0.0,0.0,0.005,0.0,-0.005,0.0,0
0.0,0.0,0.0,0.0,0.0,0.005,0.0,-0.005,0.0,0.0,0
0.0,0.0,0.0,0.0,0.005,0.0,-0.005,0.0,0.0,0.0,0
0.0,0.0,0.0,0.005,0.0,-0.005,0.0,0.0,0.0,0.0,0
0.0,0.0,0.005,0.0,-0.005,0.0,0.0,0.0,0.0,0.0,0
0.0,0.005,0.0,-0.005,0.0,0.0,0.0,0.0,0.0,0.0,0
0.005,0.0,-0.005,0.0,0.0,0.0,0.0,0.0,0.0,0.003,0
0.005,-0.005,0.0,0.0,0.0,0.0,0.0,0.0,0.003,-0.001,0
0.0,0.0,0.0,0.0,0.0,0.0,0.0,0.003,-0.001,0.003,0
0.0,0.0,0.0,0.0,0.0,0.0,0.003,-0.001,0.003,-0.005,0
0.0,0.0,0.0,0.0,0.0,0.003,-0.001,0.003,-0.005,0.0,0
0.0,0.0,0.0,0.0,0.003,-0.001,0.003,-0.005,0.0,0.0,0
0.0,0.0,0.0,0.003,-0.001,0.003,-0.005,0.0,0.0,0.0,0
0.0,0.0,0.003,-0.001,0.003,-0.005,0.0,0.0,0.0,0.0,0
0.0,0.003,-0.001,0.003,-0.005,0.0,0.0,0.0,0.0,0.0,0
0.003,-0.001,0.003,-0.005,0.0,0.0,0.0,0.0,0.0,0.0,0
0.002,0.003,-0.005,0.0,0.0,0.0,0.0,0.0,0.0,0.0,0
0.005,-0.005,0.0,0.0,0.0,0.0,0.0,0.0,0.0,0.004,0
0.0,0.0,0.0,0.0,0.0,0.0,0.0,0.0,0.004,0.001,0
0.0,0.0,0.0,0.0,0.0,0.0,0.0,0.004,0.001,18.132,0
0.0,0.0,0.0,0.0,0.0,0.0,0.004,0.001,18.132,29.985,0
0.0,0.0,0.0,0.0,0.0,0.004,0.001,18.132,29.985,-1.518,0
0.0,0.0,0.0,0.0,0.004,0.001,18.132,29.985,-1.518,-11.085,0
0.0,0.0,0.0,0.004,0.001,18.132,29.985,-1.518,-11.085,-11.427,0
0.0,0.0,0.004,0.001,18.132,29.985,-1.518,-11.085,-11.427,-5.68,0
0.0,0.004,0.001,18.132,29.985,-1.518,-11.085,-11.427,-5.68,8.035,0
0.004,0.001,18.132,29.985,-1.518,-11.085,-11.427,-5.68,8.035,12.788,0
0.005,18.132,29.985,-1.518,-11.085,-11.427,-5.68,8.035,12.788,8.596,0
18.137,29.985,-1.518,-11.085,-11.427,-5.68,8.035,12.788,8.596,1.449,0
48.122,-1.518,-11.085,-11.427,-5.68,8.035,12.788,8.596,1.449,-28.94,0
46.604,-11.085,-11.427,-5.68,8.035,12.788,8.596,1.449,-28.94,0.262,0
35.519,-11.427,-5.68,8.035,12.788,8.596,1.449,-28.94,0.262,-0.695,0
24.092,-5.68,8.035,12.788,8.596,1.449,-28.94,0.262,-0.695,-19.877,0
18.412,8.035,12.788,8.596,1.449,-28.94,0.262,-0.695,-19.877,9.021,0
26.447,12.788,8.596,1.449,-28.94,0.262,-0.695,-19.877,9.021,4.521,0
39.235,8.596,1.449,-28.94,0.262,-0.695,-19.877,9.021,4.521,-9.503,0
47.831,1.449,-28.94,0.262,-0.695,-19.877,9.021,4.521,-9.503,1.37,0
49.28,-28.94,0.262,-0.695,-19.877,9.021,4.521,-9.503,1.37,5.44,0
20.34,0.262,-0.695,-19.877,9.021,4.521,-9.503,1.37,5.44,-1.816,0
20.602,-0.695,-19.877,9.021,4.521,-9.503,1.37,5.44,-1.816,-9.05,0
19.907,-19.877,9.021,4.521,-9.503,1.37,5.44,-1.816,-9.05,14.009,0
0.03,9.021,4.521,-9.503,1.37,5.44,-1.816,-9.05,14.009,-3.352,0
9.051,4.521,-9.503,1.37,5.44,-1.816,-9.05,14.009,-3.352,10.868,0
13.572,-9.503,1.37,5.44,-1.816,-9.05,14.009,-3.352,10.868,-4.157,0
4.069,1.37,5.44,-1.816,-9.05,14.009,-3.352,10.868,-4.157,-2.26,0
5.439,5.44,-1.816,-9.05,14.009,-3.352,10.868,-4.157,-2.26,3.744,0
10.879,-1.816,-9.05,14.009,-3.352,10.868,-4.157,-2.26,3.744,-7.218,0
9.063,-9.05,14.009,-3.352,10.868,-4.157,-2.26,3.744,-7.218,-0.323,0
0.013,14.009,-3.352,10.868,-4.157,-2.26,3.744,-7.218,-0.323,-11.313,0
14.022,-3.352,10.868,-4.157,-2.26,3.744,-7.218,-0.323,-11.313,2.366,0
10.67,10.868,-4.157,-2.26,3.744,-7.218,-0.323,-11.313,2.366,19.677,0
21.538,-4.157,-2.26,3.744,-7.218,-0.323,-11.313,2.366,19.677,-19.828,0
17.381,-2.26,3.744,-7.218,-0.323,-11.313,2.366,19.677,-19.828,6.711,0
15.121,3.744,-7.218,-0.323,-11.313,2.366,19.677,-19.828,6.711,12.74,0
18.865,-7.218,-0.323,-11.313,2.366,19.677,-19.828,6.711,12.74,13.503,0
11.647,-0.323,-11.313,2.366,19.677,-19.828,6.711,12.74,13.503,-26.204,0
11.324,-11.313,2.366,19.677,-19.828,6.711,12.74,13.503,-26.204,-4.633,0
0.011,2.366,19.677,-19.828,6.711,12.74,13.503,-26.204,-4.633,43.644,0
2.377,19.677,-19.828,6.711,12.74,13.503,-26.204,-4.633,43.644,1.088,0
22.054,-19.828,6.711,12.74,13.503,-26.204,-4.633,43.644,1.088,-32.587,0
2.226,6.711,12.74,13.503,-26.204,-4.633,43.644,1.088,-32.587,-16.488,0
8.937,12.74,13.503,-26.204,-4.633,43.644,1.088,-32.587,-16.488,0.0,0
21.677,13.503,-26.204,-4.633,43.644,1.088,-32.587,-16.488,0.0,16.097,0
35.18,-26.204,-4.633,43.644,1.088,-32.587,-16.488,0.0,16.097,2.313,0
8.976,-4.633,43.644,1.088,-32.587,-16.488,0.0,16.097,2.313,-9.881,0
4.343,43.644,1.088,-32.587,-16.488,0.0,16.097,2.313,-9.881,0.081,0
47.987,1.088,-32.587,-16.488,0.0,16.097,2.313,-9.881,0.081,1.596,0
49.075,-32.587,-16.488,0.0,16.097,2.313,-9.881,0.081,1.596,-6.561,0
16.488,-16.488,0.0,16.097,2.313,-9.881,0.081,1.596,-6.561,12.971,0
0.0,0.0,16.097,2.313,-9.881,0.081,1.596,-6.561,12.971,-16.488,0
0.0,16.097,2.313,-9.881,0.081,1.596,-6.561,12.971,-16.488,-0.128,0
16.097,2.313,-9.881,0.081,1.596,-6.561,12.971,-16.488,-0.128,0.015,0
18.41,-9.881,0.081,1.596,-6.561,12.971,-16.488,-0.128,0.015,-0.015,0
8.529,0.081,1.596,-6.561,12.971,-16.488,-0.128,0.015,-0.015,0.0,0
8.61,1.596,-6.561,12.971,-16.488,-0.128,0.015,-0.015,0.0,0.0,0
10.206,-6.561,12.971,-16.488,-0.128,0.015,-0.015,0.0,0.0,0.0,0
3.645,12.971,-16.488,-0.128,0.015,-0.015,0.0,0.0,0.0,0.0,0
16.616,-16.488,-0.128,0.015,-0.015,0.0,0.0,0.0,0.0,0.0,0
0.128,-0.128,0.015,-0.015,0.0,0.0,0.0,0.0,0.0,0.0,0
0.0,0.015,-0.015,0.0,0.0,0.0,0.0,0.0,0.0,0.009,0
0.015,-0.015,0.0,0.0,0.0,0.0,0.0,0.0,0.009,-0.009,0
0.0,0.0,0.0,0.0,0.0,0.0,0.0,0.009,-0.009,0.0,0
0.0,0.0,0.0,0.0,0.0,0.0,0.009,-0.009,0.0,0.0,0
0.0,0.0,0.0,0.0,0.0,0.009,-0.009,0.0,0.0,0.0,0
0.0,0.0,0.0,0.0,0.009,-0.009,0.0,0.0,0.0,0.0,0
0.0,0.0,0.0,0.009,-0.009,0.0,0.0,0.0,0.0,0.0,0
0.0,0.0,0.009,-0.009,0.0,0.0,0.0,0.0,0.0,0.0,0
0.0,0.009,-0.009,0.0,0.0,0.0,0.0,0.0,0.0,0.0,0
0.009,-0.009,0.0,0.0,0.0,0.0,0.0,0.0,0.0,0.0,0
0.0,0.0,0.0,0.0,0.0,0.0,0.0,0.0,0.0,0.009,0
0.0,0.0,0.0,0.0,0.0,0.0,0.0,0.0,0.009,-0.009,0
0.0,0.0,0.0,0.0,0.0,0.0,0.0,0.009,-0.009,0.0,0
0.0,0.0,0.0,0.0,0.0,0.0,0.009,-0.009,0.0,0.0,0
0.0,0.0,0.0,0.0,0.0,0.009,-0.009,0.0,0.0,0.0,0
0.0,0.0,0.0,0.0,0.009,-0.009,0.0,0.0,0.0,0.0,0
0.0,0.0,0.0,0.009,-0.009,0.0,0.0,0.0,0.0,0.0,0
0.0,0.0,0.009,-0.009,0.0,0.0,0.0,0.0,0.0,0.0,0
0.0,0.009,-0.009,0.0,0.0,0.0,0.0,0.0,0.0,0.0,0
0.009,-0.009,0.0,0.0,0.0,0.0,0.0,0.0,0.0,0.0,0
0.0,0.0,0.0,0.0,0.0,0.0,0.0,0.0,0.0,0.01,0
0.0,0.0,0.0,0.0,0.0,0.0,0.0,0.0,0.01,0.052,0
0.0,0.0,0.0,0.0,0.0,0.0,0.0,0.01,0.052,28.098,0
0.0,0.0,0.0,0.0,0.0,0.0,0.01,0.052,28.098,6.439,0
0.0,0.0,0.0,0.0,0.0,0.01,0.052,28.098,6.439,1.113,0
0.0,0.0,0.0,0.0,0.01,0.052,28.098,6.439,1.113,3.611,0
0.0,0.0,0.0,0.01,0.052,28.098,6.439,1.113,3.611,6.848,0
0.0,0.0,0.01,0.052,28.098,6.439,1.113,3.611,6.848,-6.509,0
0.0,0.01,0.052,28.098,6.439,1.113,3.611,6.848,-6.509,6.462,0
0.01,0.052,28.098,6.439,1.113,3.611,6.848,-6.509,6.462,0.075,0
0.062,28.098,6.439,1.113,3.611,6.848,-6.509,6.462,0.075,1.413,0
28.16,6.439,1.113,3.611,6.848,-6.509,6.462,0.075,1.413,-37.695,0
34.599,1.113,3.611,6.848,-6.509,6.462,0.075,1.413,-37.695,-3.768,0
35.712,3.611,6.848,-6.509,6.462,0.075,1.413,-37.695,-3.768,3.071,0
39.323,6.848,-6.509,6.462,0.075,1.413,-37.695,-3.768,3.071,-9.219,0
46.171,-6.509,6.462,0.075,1.413,-37.695,-3.768,3.071,-9.219,10.029,0
39.662,6.462,0.075,1.413,-37.695,-3.768,3.071,-9.219,10.029,9.253,0
46.124,0.075,1.413,-37.695,-3.768,3.071,-9.219,10.029,9.253,-9.436,0
46.199,1.413,-37.695,-3.768,3.071,-9.219,10.029,9.253,-9.436,1.053,0
47.612,-37.695,-3.768,3.071,-9.219,10.029,9.253,-9.436,1.053,-10.884,0
9.917,-3.768,3.071,-9.219,10.029,9.253,-9.436,1.053,-10.884,12.645,0
6.149,3.071,-9.219,10.029,9.253,-9.436,1.053,-10.884,12.645,-12.416,0
9.22,-9.219,10.029,9.253,-9.436,1.053,-10.884,12.645,-12.416,11.729,0
0.001,10.029,9.253,-9.436,1.053,-10.884,12.645,-12.416,11.729,0.204,0
10.03,9.253,-9.436,1.053,-10.884,12.645,-12.416,11.729,0.204,-2.464,0
19.283,-9.436,1.053,-10.884,12.645,-12.416,11.729,0.204,-2.464,19.749,0
9.847,1.053,-10.884,12.645,-12.416,11.729,0.204,-2.464,19.749,-18.564,0
10.9,-10.884,12.645,-12.416,11.729,0.204,-2.464,19.749,-18.564,9.635,0
0.016,12.645,-12.416,11.729,0.204,-2.464,19.749,-18.564,9.635,-19.118,0
12.661,-12.416,11.729,0.204,-2.464,19.749,-18.564,9.635,-19.118,17.956,0
0.245,11.729,0.204,-2.464,19.749,-18.564,9.635,-19.118,17.956,21.553,0
11.974,0.204,-2.464,19.749,-18.564,9.635,-19.118,17.956,21.553,-40.909,0
12.178,-2.464,19.749,-18.564,9.635,-19.118,17.956,21.553,-40.909,9.348,0
9.714,19.749,-18.564,9.635,-19.118,17.956,21.553,-40.909,9.348,-9.363,0
29.463,-18.564,9.635,-19.118,17.956,21.553,-40.909,9.348,-9.363,11.205,0
10.899,9.635,-19.118,17.956,21.553,-40.909,9.348,-9.363,11.205,33.607,0
20.534,-19.118,17.956,21.553,-40.909,9.348,-9.363,11.205,33.607,4.31,0
1.416,17.956,21.553,-40.909,9.348,-9.363,11.205,33.607,4.31,-22.083,0
19.372,21.553,-40.909,9.348,-9.363,11.205,33.607,4.31,-22.083,-16.583,0
40.925,-40.909,9.348,-9.363,11.205,33.607,4.31,-22.083,-16.583,-10.452,0
0.016,9.348,-9.363,11.205,33.607,4.31,-22.083,-16.583,-10.452,10.353,0
9.364,-9.363,11.205,33.607,4.31,-22.083,-16.583,-10.452,10.353,-0.885,0
0.001,11.205,33.607,4.31,-22.083,-16.583,-10.452,10.353,-0.885,-9.459,0
11.206,33.607,4.31,-22.083,-16.583,-10.452,10.353,-0.885,-9.459,8.999,0
44.813,4.31,-22.083,-16.583,-10.452,10.353,-0.885,-9.459,8.999,-2.282,0
49.123,-22.083,-16.583,-10.452,10.353,-0.885,-9.459,8.999,-2.282,-6.715,0
27.04,-16.583,-10.452,10.353,-0.885,-9.459,8.999,-2.282,-6.715,5.458,0
10.457,-10.452,10.353,-0.885,-9.459,8.999,-2.282,-6.715,5.458,42.36,0
0.005,10.353,-0.885,-9.459,8.999,-2.282,-6.715,5.458,42.36,-8.489,0
10.358,-0.885,-9.459,8.999,-2.282,-6.715,5.458,42.36,-8.489,-39.345,0
9.473,-9.459,8.999,-2.282,-6.715,5.458,42.36,-8.489,-39.345,0.0,0
0.014,8.999,-2.282,-6.715,5.458,42.36,-8.489,-39.345,0.0,0.0,0
9.013,-2.282,-6.715,5.458,42.36,-8.489,-39.345,0.0,0.0,0.008,0
6.731,-6.715,5.458,42.36,-8.489,-39.345,0.0,0.0,0.008,-0.008,0
0.016,5.458,42.36,-8.489,-39.345,0.0,0.0,0.008,-0.008,0.0,0
5.474,42.36,-8.489,-39.345,0.0,0.0,0.008,-0.008,0.0,0.0,0
47.834,-8.489,-39.345,0.0,0.0,0.008,-0.008,0.0,0.0,0.0,0
39.345,-39.345,0.0,0.0,0.008,-0.008,0.0,0.0,0.0,0.0,0
